consensus_track_id,start_time,end_time,duration_steps,duration_hours,peak_mm_3h,max_member_support_pct
1,2019-01-07 09:00:00,2019-01-08 00:00:00,6,15,83.0,100.0
2,2019-01-07 09:00:00,2019-01-08 00:00:00,6,15,76.8800048828125,100.0
3,2019-01-07 12:00:00,2019-01-07 12:00:00,1,0,11.899999618530272,20.0
4,2019-01-07 12:00:00,2019-01-07 12:00:00,1,0,11.369998931884766,20.0
5,2019-01-07 15:00:00,2019-01-08 00:00:00,4,9,26.770000457763672,40.0
6,2019-01-07 18:00:00,2019-01-07 18:00:00,1,0,11.899999618530272,20.0
7,2019-01-07 18:00:00,2019-01-07 18:00:00,1,0,13.4399995803833,20.0
8,2019-01-07 18:00:00,2019-01-07 18:00:00,1,0,11.020000457763672,20.0
9,2019-01-07 21:00:00,2019-01-08 12:00:00,6,15,55.8800048828125,100.0
10,2019-01-07 21:00:00,2019-01-08 00:00:00,2,3,26.80000114440918,100.0
11,2019-01-08 00:00:00,2019-01-08 00:00:00,1,0,13.299999237060549,60.0
12,2019-01-08 00:00:00,2019-01-08 06:00:00,3,6,27.92999839782715,80.0
13,2019-01-08 00:00:00,2019-01-08 00:00:00,1,0,10.829999923706056,20.0
14,2019-01-08 00:00:00,2019-01-08 00:00:00,1,0,10.820000648498535,20.0
15,2019-01-08 06:00:00,2019-01-08 12:00:00,3,6,30.099998474121094,60.0
16,2019-01-08 06:00:00,2019-01-08 06:00:00,1,0,18.770002365112305,60.0
17,2019-01-08 06:00:00,2019-01-08 12:00:00,3,6,13.700000762939451,20.0
18,2019-01-08 06:00:00,2019-01-08 06:00:00,1,0,12.300000190734863,20.0
19,2019-01-08 12:00:00,2019-01-08 12:00:00,1,0,11.5,20.0
20,2019-01-08 12:00:00,2019-01-08 12:00:00,1,0,11.5,20.0
21,2019-01-08 12:00:00,2019-01-08 12:00:00,1,0,16.490001678466797,40.0
22,2019-01-08 18:00:00,2019-01-08 18:00:00,1,0,22.489999771118164,100.0
23,2019-01-09 00:00:00,2019-01-09 00:00:00,1,0,36.769996643066406,20.0
24,2019-01-09 00:00:00,2019-01-09 00:00:00,1,0,13.870000839233398,20.0
25,2019-01-09 06:00:00,2019-01-09 06:00:00,1,0,25.499998092651367,20.0
26,2019-01-09 15:00:00,2019-01-09 18:00:00,2,3,20.420001983642575,40.0
27,2019-01-09 18:00:00,2019-01-09 18:00:00,1,0,13.25999927520752,20.0
28,2019-01-10 00:00:00,2019-01-10 00:00:00,1,0,47.20000076293945,20.0
29,2019-01-10 00:00:00,2019-01-10 00:00:00,1,0,14.0,20.0
30,2019-01-10 06:00:00,2019-01-10 06:00:00,1,0,14.699999809265137,20.0
31,2019-01-10 12:00:00,2019-01-10 12:00:00,1,0,10.969999313354492,20.0
32,2019-01-10 15:00:00,2019-01-10 18:00:00,2,3,16.099998474121094,60.0
33,2019-01-10 18:00:00,2019-01-10 18:00:00,1,0,13.90000057220459,40.0
34,2019-01-11 00:00:00,2019-01-11 00:00:00,1,0,11.600000381469728,20.0
35,2019-01-11 00:00:00,2019-01-11 00:00:00,1,0,12.0,20.0
36,2019-01-11 00:00:00,2019-01-11 00:00:00,1,0,15.5,20.0
37,2019-01-11 00:00:00,2019-01-11 00:00:00,1,0,14.399999618530272,40.0
38,2019-01-11 06:00:00,2019-01-11 06:00:00,1,0,15.299999237060549,20.0
39,2019-01-11 06:00:00,2019-01-11 06:00:00,1,0,15.0600004196167,60.0
40,2019-01-11 12:00:00,2019-01-11 12:00:00,1,0,21.299999237060547,20.0
41,2019-01-11 12:00:00,2019-01-11 12:00:00,1,0,15.799999237060549,20.0
42,2019-01-11 18:00:00,2019-01-12 00:00:00,3,6,24.100000381469727,60.0
43,2019-01-11 18:00:00,2019-01-11 18:00:00,1,0,11.34999942779541,20.0
44,2019-01-12 00:00:00,2019-01-12 00:00:00,1,0,11.5,20.0
45,2019-01-12 06:00:00,2019-01-12 06:00:00,1,0,15.500000953674316,60.0
46,2019-01-12 06:00:00,2019-01-12 06:00:00,1,0,11.440000534057615,20.0
47,2019-01-12 12:00:00,2019-01-12 18:00:00,3,6,16.0,60.0
48,2019-01-12 12:00:00,2019-01-12 12:00:00,1,0,13.529998779296877,40.0
49,2019-01-12 18:00:00,2019-01-12 18:00:00,1,0,20.849998474121094,80.0
50,2019-01-13 00:00:00,2019-01-13 00:00:00,1,0,19.540000915527344,40.0
51,2019-01-13 00:00:00,2019-01-13 00:00:00,1,0,16.399999618530273,20.0
52,2019-01-13 12:00:00,2019-01-13 12:00:00,1,0,15.100000381469728,20.0
53,2019-01-13 12:00:00,2019-01-13 12:00:00,1,0,11.30000114440918,20.0
54,2019-01-13 18:00:00,2019-01-13 18:00:00,1,0,19.400001525878903,20.0
55,2019-01-13 18:00:00,2019-01-13 18:00:00,1,0,10.81999969482422,20.0
56,2019-01-14 00:00:00,2019-01-14 00:00:00,1,0,15.300000190734863,20.0
57,2019-01-14 00:00:00,2019-01-14 00:00:00,1,0,13.600000381469728,20.0
58,2019-01-14 00:00:00,2019-01-14 00:00:00,1,0,11.300000190734863,20.0
59,2019-01-14 06:00:00,2019-01-14 06:00:00,1,0,59.52000045776367,20.0
60,2019-01-14 06:00:00,2019-01-14 06:00:00,1,0,19.899999618530277,40.0
61,2019-01-14 06:00:00,2019-01-14 06:00:00,1,0,13.68000030517578,20.0
62,2019-01-14 12:00:00,2019-01-14 12:00:00,1,0,28.700000762939453,20.0
63,2019-01-14 18:00:00,2019-01-14 18:00:00,1,0,15.90000057220459,40.0
64,2019-01-14 18:00:00,2019-01-14 18:00:00,1,0,11.299999237060549,20.0
65,2019-01-15 00:00:00,2019-01-15 00:00:00,1,0,19.40999984741211,20.0
66,2019-01-15 00:00:00,2019-01-15 00:00:00,1,0,12.90000057220459,20.0
67,2019-01-15 00:00:00,2019-01-15 00:00:00,1,0,12.59999942779541,20.0
68,2019-01-15 00:00:00,2019-01-15 00:00:00,1,0,12.499999046325684,20.0
69,2019-01-15 06:00:00,2019-01-15 06:00:00,1,0,33.599998474121094,40.0
70,2019-01-15 06:00:00,2019-01-15 06:00:00,1,0,15.59999942779541,20.0
71,2019-01-15 06:00:00,2019-01-15 06:00:00,1,0,12.200000762939451,20.0
72,2019-01-15 12:00:00,2019-01-15 12:00:00,1,0,14.760000228881836,20.0
73,2019-01-15 12:00:00,2019-01-15 12:00:00,1,0,13.75,20.0
74,2019-01-15 18:00:00,2019-01-15 18:00:00,1,0,26.270000457763672,20.0
75,2019-01-16 00:00:00,2019-01-16 00:00:00,1,0,16.220001220703125,20.0
76,2019-01-16 00:00:00,2019-01-16 00:00:00,1,0,10.5,20.0
77,2019-01-16 06:00:00,2019-01-16 06:00:00,1,0,14.90000057220459,20.0
78,2019-01-16 06:00:00,2019-01-16 06:00:00,1,0,12.799999237060549,20.0
79,2019-01-16 12:00:00,2019-01-16 12:00:00,1,0,15.510000228881836,40.0
80,2019-01-16 12:00:00,2019-01-16 12:00:00,1,0,14.920001029968262,20.0
81,2019-01-16 12:00:00,2019-01-16 12:00:00,1,0,14.389999389648438,20.0
82,2019-01-16 18:00:00,2019-01-16 18:00:00,1,0,15.18000030517578,20.0
83,2019-01-16 21:00:00,2019-01-17 00:00:00,2,3,16.780000686645508,20.0
84,2019-01-17 00:00:00,2019-01-17 00:00:00,1,0,13.09999942779541,20.0
85,2019-01-17 00:00:00,2019-01-17 00:00:00,1,0,14.40999984741211,20.0
86,2019-01-17 00:00:00,2019-01-17 00:00:00,1,0,14.679999351501465,20.0
87,2019-01-17 00:00:00,2019-01-17 00:00:00,1,0,12.070000648498535,20.0
88,2019-01-17 00:00:00,2019-01-17 00:00:00,1,0,15.40000057220459,40.0
89,2019-01-17 00:00:00,2019-01-17 00:00:00,1,0,14.950000762939451,20.0
90,2019-01-17 00:00:00,2019-01-17 00:00:00,1,0,10.700000762939451,20.0
