valid_time,latitude,longitude,member_count,member_support_pct,members,mean_peak_mm_3h,max_peak_mm_3h,object_count,consensus_track_id,event_type,support_score,intensity_consistency,confidence_score,confidence_level
2019-01-07 09:00:00,16.0,92.6875,4,80.0,"c00,p01,p03,p04",30.69250011444092,52.310001373291016,4,1,birth,0.8,0.5867424913387542,0.7360227474016262,MEDIUM
2019-01-07 09:00:00,16.5,94.375,1,20.0,p01,15.399999618530272,15.399999618530272,1,2,birth,0.2,1.0,0.43999999999999995,LOW
2019-01-07 12:00:00,16.03125,93.15625,4,80.0,"c00,p01,p03,p04",49.642499923706055,83.0,4,1,continue,0.8,0.5981024135614896,0.7394307240684468,MEDIUM
2019-01-07 12:00:00,17.625,94.0625,2,40.0,"c00,p01",16.300000190734863,19.600000381469727,2,2,continue,0.4,0.8316326551969146,0.5294897965590744,MEDIUM
2019-01-07 12:00:00,10.25,90.875,1,20.0,p04,11.899999618530272,11.899999618530272,1,3,birth,0.2,1.0,0.43999999999999995,LOW
2019-01-07 12:00:00,13.625,92.5,1,20.0,c00,11.369998931884766,11.369998931884766,1,4,birth,0.2,1.0,0.43999999999999995,LOW
2019-01-07 15:00:00,17.925,93.175,5,100.0,"c00,p01,p02,p03,p04",26.977999877929687,50.81999969482422,5,2,continue,1.0,0.5308540045076636,0.8592562013522991,HIGH
2019-01-07 15:00:00,18.875,95.375,1,20.0,p03,14.920001029968262,14.920001029968262,1,1,continue,0.2,1.0,0.43999999999999995,LOW
2019-01-07 15:00:00,18.875,96.25,1,20.0,p03,26.770000457763672,26.770000457763672,1,5,birth,0.2,1.0,0.43999999999999995,LOW
2019-01-07 18:00:00,18.325,93.95,5,100.0,"c00,p01,p02,p03,p04",49.40800170898437,76.8800048828125,5,2,continue,1.0,0.6426638778396628,0.8927991633518988,HIGH
2019-01-07 18:00:00,21.4375,96.625,2,40.0,"c00,p01",12.59999942779541,14.299999237060549,2,5,continue,0.4,0.8811188964277539,0.5443356689283261,MEDIUM
2019-01-07 18:00:00,19.625,95.125,2,40.0,"c00,p01",27.0,36.5,2,1,continue,0.4,0.7397260345280539,0.5019178103584161,MEDIUM
2019-01-07 18:00:00,15.375,98.625,1,20.0,p02,11.899999618530272,11.899999618530272,1,6,birth,0.2,1.0,0.43999999999999995,LOW
2019-01-07 18:00:00,15.5,92.5,1,20.0,p04,13.4399995803833,13.4399995803833,1,7,birth,0.2,1.0,0.43999999999999995,LOW
2019-01-07 18:00:00,17.25,99.125,1,20.0,p02,11.020000457763672,11.020000457763672,1,8,birth,0.2,1.0,0.43999999999999995,LOW
2019-01-07 21:00:00,19.375,94.6,5,100.0,"c00,p01,p02,p03,p04",25.899999809265136,36.69999694824219,5,1,continue,1.0,0.7057221323497557,0.9117166397049267,HIGH
2019-01-07 21:00:00,20.375,95.625,3,60.0,"c00,p01,p02",15.796666463216146,21.28999900817871,3,9,birth,0.6,0.7419759256527825,0.6425927776958347,MEDIUM
2019-01-07 21:00:00,18.1875,92.875,2,40.0,"c00,p03",24.88999938964844,26.0,2,2,continue,0.4,0.957307670474645,0.5671923011423935,MEDIUM
2019-01-07 21:00:00,21.125,95.375,1,20.0,p01,13.040000915527344,13.040000915527344,1,5,continue,0.2,1.0,0.43999999999999995,LOW
2019-01-07 21:00:00,21.875,98.25,1,20.0,p04,17.299999237060547,17.299999237060547,1,10,birth,0.2,1.0,0.43999999999999995,LOW
2019-01-08 00:00:00,20.925,96.325,5,100.0,"c00,p01,p02,p03,p04",46.85000228881836,55.8800048828125,5,9,continue,1.0,0.8384036928533757,0.9515211078560126,HIGH
2019-01-08 00:00:00,21.15,98.65,5,100.0,"c00,p01,p02,p03,p04",18.4379997253418,26.80000114440918,5,10,continue,1.0,0.6879850466425504,0.9063955139927651,HIGH
2019-01-08 00:00:00,7.0625,96.25,4,80.0,"c00,p02,p03,p04",18.582499504089355,27.92999839782715,4,12,birth,0.8,0.6653240567393284,0.7595972170217984,MEDIUM
2019-01-08 00:00:00,14.5,95.0,3,60.0,"c00,p02,p03",12.356666564941406,13.299999237060549,3,11,birth,0.6,0.9290727326838282,0.6987218198051484,MEDIUM
2019-01-08 00:00:00,17.75,93.875,3,60.0,"c00,p02,p04",20.99999936421712,35.599998474121094,3,2,continue,0.6,0.5898876593940056,0.5969662978182017,MEDIUM
2019-01-08 00:00:00,20.1875,96.8125,2,40.0,"p02,p04",13.94999885559082,16.799999237060547,2,5,continue,0.4,0.8303571225443992,0.5291071367633198,MEDIUM
2019-01-08 00:00:00,18.125,94.625,1,20.0,p02,11.5,11.5,1,1,continue,0.2,1.0,0.43999999999999995,LOW
2019-01-08 00:00:00,14.5,96.375,1,20.0,p03,10.829999923706056,10.829999923706056,1,13,birth,0.2,1.0,0.43999999999999995,LOW
2019-01-08 00:00:00,14.875,95.25,1,20.0,p03,10.820000648498535,10.820000648498535,1,14,birth,0.2,1.0,0.43999999999999995,LOW
2019-01-08 03:00:00,20.5,94.0,1,20.0,p04,14.579999923706056,14.579999923706056,1,9,continue,0.2,1.0,0.43999999999999995,LOW
2019-01-08 03:00:00,7.375,95.5,1,20.0,p03,17.700000762939453,17.700000762939453,1,12,continue,0.2,1.0,0.43999999999999995,LOW
2019-01-08 06:00:00,20.475,96.875,5,100.0,"c00,p01,p02,p03,p04",42.99599952697754,53.29999542236328,5,9,continue,1.0,0.806679238517501,0.9420037715552503,HIGH
2019-01-08 06:00:00,6.958333333333333,96.45833333333331,3,60.0,"c00,p03,p04",17.780001958211262,18.770002365112305,3,16,birth,0.6,0.9472562477670542,0.7041768743301162,MEDIUM
2019-01-08 06:00:00,6.8125,95.9375,2,40.0,"p03,p04",12.165000915527344,13.400001525878906,2,12,continue,0.4,0.9078357927197063,0.5523507378159118,MEDIUM
2019-01-08 06:00:00,20.875,98.875,1,20.0,p02,19.26000022888184,19.26000022888184,1,15,birth,0.2,1.0,0.43999999999999995,LOW
2019-01-08 06:00:00,15.25,94.5,1,20.0,p03,13.700000762939451,13.700000762939451,1,17,birth,0.2,1.0,0.43999999999999995,LOW
2019-01-08 06:00:00,24.125,99.125,1,20.0,p03,12.300000190734863,12.300000190734863,1,18,birth,0.2,1.0,0.43999999999999995,LOW
2019-01-08 09:00:00,20.1,97.875,5,100.0,"c00,p01,p02,p03,p04",16.825999069213868,26.170000076293945,5,9,continue,1.0,0.6429499188846299,0.8928849756653889,HIGH
2019-01-08 09:00:00,20.125,98.5,1,20.0,c00,14.630001068115234,14.630001068115234,1,15,continue,0.2,1.0,0.43999999999999995,LOW
2019-01-08 09:00:00,17.0,95.0,1,20.0,p02,12.90999984741211,12.90999984741211,1,17,continue,0.2,1.0,0.43999999999999995,LOW
2019-01-08 12:00:00,20.475,98.275,5,100.0,"c00,p01,p02,p03,p04",30.268000030517577,34.0,5,9,continue,1.0,0.8902352982435964,0.9670705894730789,HIGH
2019-01-08 12:00:00,20.375,98.29166666666669,3,60.0,"p01,p02,p03",22.059999465942383,30.099998474121094,3,15,continue,0.6,0.7328903937326905,0.6398671181198071,MEDIUM
2019-01-08 12:00:00,17.375,96.9375,2,40.0,"p01,p02",14.345000267028809,16.490001678466797,2,21,birth,0.4,0.8699210998771393,0.5409763299631418,MEDIUM
2019-01-08 12:00:00,17.5,96.0,1,20.0,p02,13.559999465942385,13.559999465942385,1,17,continue,0.2,1.0,0.43999999999999995,LOW
2019-01-08 12:00:00,13.5,94.875,1,20.0,p03,11.5,11.5,1,19,birth,0.2,1.0,0.43999999999999995,LOW
2019-01-08 12:00:00,15.0,94.875,1,20.0,p03,11.5,11.5,1,20,birth,0.2,1.0,0.43999999999999995,LOW
2019-01-08 18:00:00,20.425,99.375,5,100.0,"c00,p01,p02,p03,p04",16.545999908447264,22.489999771118164,5,22,birth,1.0,0.7357047728382371,0.9207114318514711,HIGH
2019-01-09 00:00:00,5.875,95.875,1,20.0,p01,36.769996643066406,36.769996643066406,1,23,birth,0.2,1.0,0.43999999999999995,LOW
2019-01-09 00:00:00,16.0,99.25,1,20.0,p03,13.870000839233398,13.870000839233398,1,24,birth,0.2,1.0,0.43999999999999995,LOW
2019-01-09 06:00:00,5.5,90.875,1,20.0,p01,25.499998092651367,25.499998092651367,1,25,birth,0.2,1.0,0.43999999999999995,LOW
2019-01-09 15:00:00,6.125,97.375,1,20.0,p01,12.40000057220459,12.40000057220459,1,26,birth,0.2,1.0,0.43999999999999995,LOW
2019-01-09 18:00:00,5.75,97.3125,2,40.0,"p01,p03",18.580001831054688,20.42000198364257,2,26,continue,0.4,0.9098922681812626,0.5529676804543787,MEDIUM
2019-01-09 18:00:00,5.125,99.25,1,20.0,p01,13.25999927520752,13.25999927520752,1,27,birth,0.2,1.0,0.43999999999999995,LOW
2019-01-10 00:00:00,5.25,97.375,1,20.0,p01,47.20000076293945,47.20000076293945,1,28,birth,0.2,1.0,0.43999999999999995,LOW
2019-01-10 00:00:00,5.125,93.375,1,20.0,p01,14.0,14.0,1,29,birth,0.2,1.0,0.43999999999999995,LOW
2019-01-10 06:00:00,6.125,92.75,1,20.0,c00,14.699999809265137,14.699999809265137,1,30,birth,0.2,1.0,0.43999999999999995,LOW
2019-01-10 12:00:00,6.625,91.625,1,20.0,p03,10.969999313354492,10.969999313354492,1,31,birth,0.2,1.0,0.43999999999999995,LOW
2019-01-10 15:00:00,35.875,65.25,1,20.0,p03,16.099998474121094,16.099998474121094,1,32,birth,0.2,1.0,0.43999999999999995,LOW
2019-01-10 18:00:00,36.04166666666666,66.375,3,60.0,"p01,p03,p04",12.826666831970217,13.300000190734863,3,32,continue,0.6,0.9644110288430362,0.7093233086529108,MEDIUM
2019-01-10 18:00:00,5.4375,90.8125,2,40.0,"c00,p03",13.30000066757202,13.90000057220459,2,33,birth,0.4,0.9568345441174358,0.5670503632352307,MEDIUM
2019-01-11 00:00:00,6.0,89.25,2,40.0,"p02,p03",14.399999618530272,14.399999618530272,2,37,birth,0.4,1.0,0.58,MEDIUM
2019-01-11 00:00:00,31.625,77.25,1,20.0,p04,11.600000381469728,11.600000381469728,1,34,birth,0.2,1.0,0.43999999999999995,LOW
2019-01-11 00:00:00,37.0,69.75,1,20.0,p03,12.0,12.0,1,35,birth,0.2,1.0,0.43999999999999995,LOW
2019-01-11 00:00:00,5.625,93.0,1,20.0,p03,15.5,15.5,1,36,birth,0.2,1.0,0.43999999999999995,LOW
2019-01-11 06:00:00,5.75,88.58333333333333,3,60.0,"c00,p02,p03",14.660000483194986,15.0600004196167,3,39,birth,0.6,0.9734395817585592,0.7120318745275678,MEDIUM
2019-01-11 06:00:00,5.625,93.125,1,20.0,p03,15.299999237060549,15.299999237060549,1,38,birth,0.2,1.0,0.43999999999999995,LOW
2019-01-11 12:00:00,6.0,85.375,1,20.0,p02,21.299999237060547,21.299999237060547,1,40,birth,0.2,1.0,0.43999999999999995,LOW
2019-01-11 12:00:00,5.375,90.75,1,20.0,p03,15.799999237060549,15.799999237060549,1,41,birth,0.2,1.0,0.43999999999999995,LOW
2019-01-11 18:00:00,33.9375,73.25,2,40.0,"p03,p04",18.950000762939453,24.100000381469727,2,42,birth,0.4,0.7863070820199181,0.5158921246059753,MEDIUM
2019-01-11 18:00:00,6.125,90.25,1,20.0,c00,11.34999942779541,11.34999942779541,1,43,birth,0.2,1.0,0.43999999999999995,LOW
2019-01-11 21:00:00,33.875,73.75,1,20.0,p04,19.200000762939453,19.200000762939453,1,42,continue,0.2,1.0,0.43999999999999995,LOW
2019-01-12 00:00:00,33.833333333333336,74.375,3,60.0,"p01,p03,p04",15.300000190734863,16.299999237060547,3,42,continue,0.6,0.9386503661483371,0.701595109844501,MEDIUM
2019-01-12 00:00:00,11.125,91.25,1,20.0,p03,11.5,11.5,1,44,birth,0.2,1.0,0.43999999999999995,LOW
2019-01-12 06:00:00,33.666666666666664,75.16666666666667,3,60.0,"c00,p03,p04",12.890000343322754,15.500000953674316,3,45,birth,0.6,0.8316128850723883,0.6694838655217165,MEDIUM
2019-01-12 06:00:00,31.875,75.875,1,20.0,c00,11.440000534057615,11.440000534057615,1,46,birth,0.2,1.0,0.43999999999999995,LOW
2019-01-12 12:00:00,32.1875,77.125,2,40.0,"c00,p03",14.134999752044678,15.0,2,47,birth,0.4,0.9423333206474238,0.5626999961942272,MEDIUM
2019-01-12 12:00:00,33.0625,75.25,2,40.0,"c00,p03",12.364999294281006,13.529998779296877,2,48,birth,0.4,0.9138950846992243,0.5541685254097672,MEDIUM
2019-01-12 15:00:00,31.25,77.75,1,20.0,p01,13.059999465942385,13.059999465942385,1,47,continue,0.2,1.0,0.43999999999999995,LOW
2019-01-12 18:00:00,33.53125,74.71875,4,80.0,"c00,p01,p02,p03",16.137499570846558,20.849998474121094,4,49,birth,0.8,0.7739808622478066,0.7921942586743419,MEDIUM
2019-01-12 18:00:00,31.25,78.45833333333333,3,60.0,"c00,p01,p03",14.286666870117188,16.0,3,47,continue,0.6,0.8929166860750314,0.6878750058225094,MEDIUM
2019-01-13 00:00:00,32.6875,76.125,2,40.0,"c00,p01",19.020000457763672,19.540000915527344,2,50,birth,0.4,0.9733879013926576,0.5720163704177972,MEDIUM
2019-01-13 00:00:00,8.125,95.125,1,20.0,p01,16.399999618530273,16.399999618530273,1,51,birth,0.2,1.0,0.43999999999999995,LOW
2019-01-13 12:00:00,13.5,99.0,1,20.0,p01,15.100000381469728,15.100000381469728,1,52,birth,0.2,1.0,0.43999999999999995,LOW
2019-01-13 12:00:00,6.75,85.5,1,20.0,p03,11.30000114440918,11.30000114440918,1,53,birth,0.2,1.0,0.43999999999999995,LOW
2019-01-13 18:00:00,5.25,66.25,1,20.0,p02,19.400001525878903,19.400001525878903,1,54,birth,0.2,1.0,0.43999999999999995,LOW
2019-01-13 18:00:00,6.25,83.625,1,20.0,p03,10.81999969482422,10.81999969482422,1,55,birth,0.2,1.0,0.43999999999999995,LOW
2019-01-14 00:00:00,5.375,67.75,1,20.0,p02,15.300000190734863,15.300000190734863,1,56,birth,0.2,1.0,0.43999999999999995,LOW
2019-01-14 00:00:00,6.375,83.125,1,20.0,p03,13.600000381469728,13.600000381469728,1,57,birth,0.2,1.0,0.43999999999999995,LOW
2019-01-14 00:00:00,8.625,83.75,1,20.0,p03,11.300000190734863,11.300000190734863,1,58,birth,0.2,1.0,0.43999999999999995,LOW
2019-01-14 06:00:00,7.5,82.625,2,40.0,"p02,p03",17.264999389648438,19.89999961853028,2,60,birth,0.4,0.8675879323125141,0.5402763796937542,MEDIUM
2019-01-14 06:00:00,5.25,66.875,1,20.0,p02,59.52000045776367,59.52000045776367,1,59,birth,0.2,1.0,0.43999999999999995,LOW
2019-01-14 06:00:00,6.75,89.125,1,20.0,p01,13.68000030517578,13.68000030517578,1,61,birth,0.2,1.0,0.43999999999999995,LOW
2019-01-14 12:00:00,6.25,88.75,1,20.0,p01,28.700000762939453,28.700000762939453,1,62,birth,0.2,1.0,0.43999999999999995,LOW
2019-01-14 18:00:00,6.8125,89.125,2,40.0,"p01,p04",13.65000057220459,15.90000057220459,2,63,birth,0.4,0.8584905800302993,0.5375471740090898,MEDIUM
2019-01-14 18:00:00,7.875,86.125,1,20.0,p04,11.299999237060549,11.299999237060549,1,64,birth,0.2,1.0,0.43999999999999995,LOW
2019-01-15 00:00:00,9.25,85.375,1,20.0,c00,19.40999984741211,19.40999984741211,1,65,birth,0.2,1.0,0.43999999999999995,LOW
2019-01-15 00:00:00,6.625,88.0,1,20.0,p04,12.90000057220459,12.90000057220459,1,66,birth,0.2,1.0,0.43999999999999995,LOW
2019-01-15 00:00:00,6.125,90.25,1,20.0,p04,12.59999942779541,12.59999942779541,1,67,birth,0.2,1.0,0.43999999999999995,LOW
2019-01-15 00:00:00,7.375,88.875,1,20.0,p04,12.499999046325684,12.499999046325684,1,68,birth,0.2,1.0,0.43999999999999995,LOW
2019-01-15 06:00:00,5.375,89.8125,2,40.0,"p01,p04",22.799999237060547,33.599998474121094,2,69,birth,0.4,0.6785714462472308,0.48357143387416923,LOW
2019-01-15 06:00:00,6.5,82.875,1,20.0,p04,15.59999942779541,15.59999942779541,1,70,birth,0.2,1.0,0.43999999999999995,LOW
2019-01-15 06:00:00,5.625,85.5,1,20.0,p04,12.200000762939451,12.200000762939451,1,71,birth,0.2,1.0,0.43999999999999995,LOW
2019-01-15 12:00:00,5.5,90.25,1,20.0,p04,14.760000228881836,14.760000228881836,1,72,birth,0.2,1.0,0.43999999999999995,LOW
2019-01-15 12:00:00,7.25,84.125,1,20.0,p04,13.75,13.75,1,73,birth,0.2,1.0,0.43999999999999995,LOW
2019-01-15 18:00:00,5.625,90.125,1,20.0,p04,26.270000457763672,26.270000457763672,1,74,birth,0.2,1.0,0.43999999999999995,LOW
2019-01-16 00:00:00,5.25,77.625,1,20.0,c00,16.220001220703125,16.220001220703125,1,75,birth,0.2,1.0,0.43999999999999995,LOW
2019-01-16 00:00:00,8.875,82.625,1,20.0,p04,10.5,10.5,1,76,birth,0.2,1.0,0.43999999999999995,LOW
2019-01-16 06:00:00,5.125,77.25,1,20.0,p02,14.90000057220459,14.90000057220459,1,77,birth,0.2,1.0,0.43999999999999995,LOW
2019-01-16 06:00:00,32.5,67.25,1,20.0,p04,12.799999237060549,12.799999237060549,1,78,birth,0.2,1.0,0.43999999999999995,LOW
2019-01-16 12:00:00,6.4375,80.4375,2,40.0,"c00,p04",14.225000381469728,15.510000228881836,2,79,birth,0.4,0.9171502420632144,0.5551450726189643,MEDIUM
2019-01-16 12:00:00,10.875,85.5,1,20.0,p04,14.920001029968262,14.920001029968262,1,80,birth,0.2,1.0,0.43999999999999995,LOW
2019-01-16 12:00:00,10.125,83.625,1,20.0,p04,14.389999389648438,14.389999389648438,1,81,birth,0.2,1.0,0.43999999999999995,LOW
2019-01-16 18:00:00,5.625,78.375,1,20.0,p04,15.18000030517578,15.18000030517578,1,82,birth,0.2,1.0,0.43999999999999995,LOW
2019-01-16 21:00:00,30.625,66.875,1,20.0,p04,12.5,12.5,1,83,birth,0.2,1.0,0.43999999999999995,LOW
2019-01-17 00:00:00,5.1875,87.375,2,40.0,"p01,p04",13.600000381469728,15.40000057220459,2,88,birth,0.4,0.883116882664241,0.5449350647992723,MEDIUM
2019-01-17 00:00:00,31.125,67.25,1,20.0,p04,16.780000686645508,16.780000686645508,1,83,continue,0.2,1.0,0.43999999999999995,LOW
2019-01-17 00:00:00,9.25,99.875,1,20.0,p01,13.09999942779541,13.09999942779541,1,84,birth,0.2,1.0,0.43999999999999995,LOW
2019-01-17 00:00:00,5.125,83.625,1,20.0,p04,14.40999984741211,14.40999984741211,1,85,birth,0.2,1.0,0.43999999999999995,LOW
2019-01-17 00:00:00,9.0,89.0,1,20.0,c00,14.679999351501465,14.679999351501465,1,86,birth,0.2,1.0,0.43999999999999995,LOW
2019-01-17 00:00:00,32.625,66.75,1,20.0,p04,12.070000648498535,12.070000648498535,1,87,birth,0.2,1.0,0.43999999999999995,LOW
2019-01-17 00:00:00,5.5,78.125,1,20.0,p04,14.950000762939451,14.950000762939451,1,89,birth,0.2,1.0,0.43999999999999995,LOW
2019-01-17 00:00:00,6.25,98.75,1,20.0,p01,10.700000762939451,10.700000762939451,1,90,birth,0.2,1.0,0.43999999999999995,LOW
