member,track_id,valid_time,latitude,longitude,cells,peak_mm_3h,mean_mm_3h,event_type
c00,1,2019-01-07 09:00:00,15.5,92.75,5,14.899999618530273,12.666000366210938,birth
c00,1,2019-01-07 12:00:00,15.875,92.75,38,31.189998626708984,16.16499900817871,continue
c00,2,2019-01-07 12:00:00,17.875,93.125,10,19.600000381469727,14.652000427246094,birth
c00,2,2019-01-07 15:00:00,17.0,93.0,10,23.700000762939453,14.539999008178711,continue
c00,2,2019-01-07 18:00:00,18.5,93.5,81,33.30000305175781,17.4679012298584,continue
c00,2,2019-01-07 21:00:00,17.875,92.75,4,26.0,19.099998474121094,continue
c00,2,2019-01-08 00:00:00,18.25,94.125,29,35.599998474121094,21.441381454467773,continue
c00,3,2019-01-07 12:00:00,13.625,92.5,6,11.369998931884766,10.70333194732666,birth
c00,4,2019-01-07 18:00:00,21.5,96.75,5,10.899999618530273,10.460000991821289,birth
c00,4,2019-01-07 21:00:00,19.875,93.875,14,36.69999694824219,20.028573989868164,continue
c00,5,2019-01-07 18:00:00,19.375,96.25,9,17.5,13.84444522857666,birth
c00,5,2019-01-07 21:00:00,20.5,96.125,7,15.5,12.628571510314941,continue
c00,5,2019-01-08 00:00:00,21.5,96.75,136,51.80000305175781,18.82206153869629,continue
c00,6,2019-01-08 00:00:00,21.125,99.75,17,14.499999046325684,11.747058868408203,birth
c00,7,2019-01-08 00:00:00,14.5,95.875,8,11.399999618530273,10.75,birth
c00,8,2019-01-08 00:00:00,6.875,96.375,14,14.90000057220459,12.45714282989502,birth
c00,9,2019-01-08 06:00:00,20.625,96.75,170,37.30000305175781,15.808527946472168,birth
c00,9,2019-01-08 09:00:00,20.125,96.25,12,26.170000076293945,18.133333206176758,continue
c00,10,2019-01-08 06:00:00,6.75,96.375,14,18.770002365112305,12.479286193847656,birth
c00,11,2019-01-08 09:00:00,20.125,98.5,7,14.630001068115234,12.688570976257324,birth
c00,11,2019-01-08 12:00:00,20.75,98.0,100,28.34000015258789,15.945199012756348,continue
c00,12,2019-01-08 18:00:00,20.125,99.125,17,12.59999942779541,11.029411315917969,birth
c00,13,2019-01-10 06:00:00,6.125,92.75,8,14.699999809265137,12.23750114440918,birth
c00,14,2019-01-10 18:00:00,5.625,91.25,14,12.700000762939453,11.184999465942383,birth
c00,15,2019-01-11 06:00:00,5.25,88.625,10,15.020000457763672,12.294000625610352,birth
c00,16,2019-01-11 18:00:00,6.125,90.25,5,11.34999942779541,10.715999603271484,birth
c00,17,2019-01-12 06:00:00,33.125,75.375,4,11.760000228881836,10.897499084472656,birth
c00,18,2019-01-12 06:00:00,31.875,75.875,4,11.440000534057617,10.872499465942383,birth
c00,19,2019-01-12 12:00:00,33.25,74.125,4,13.529998779296875,12.132499694824219,birth
c00,20,2019-01-12 12:00:00,32.375,76.875,7,13.269999504089355,11.785714149475098,birth
c00,21,2019-01-12 18:00:00,33.375,75.125,9,15.399999618530273,12.155555725097656,birth
c00,22,2019-01-12 18:00:00,31.5,78.125,26,16.0,12.565384864807129,birth
c00,23,2019-01-13 00:00:00,32.5,76.25,7,19.540000915527344,14.631429672241211,birth
c00,24,2019-01-15 00:00:00,9.25,85.375,9,19.40999984741211,14.34333324432373,birth
c00,25,2019-01-16 00:00:00,5.25,77.625,13,16.220001220703125,11.822307586669922,birth
c00,26,2019-01-16 12:00:00,6.25,80.75,7,12.940000534057617,11.01428508758545,birth
c00,27,2019-01-17 00:00:00,9.0,89.0,14,14.679999351501465,11.867857933044434,birth
p01,1,2019-01-07 09:00:00,16.375,92.375,33,35.5,20.009090423583984,birth
p01,1,2019-01-07 12:00:00,16.25,92.875,132,83.0,20.39090919494629,continue
p01,2,2019-01-07 09:00:00,16.5,94.375,7,15.399999618530273,12.571429252624512,birth
p01,2,2019-01-07 12:00:00,17.375,95.0,5,13.0,11.559999465942383,continue
p01,2,2019-01-07 15:00:00,19.25,93.5,6,14.5,11.800000190734863,continue
p01,2,2019-01-07 18:00:00,19.875,94.0,32,36.5,16.584375381469727,continue
p01,2,2019-01-07 21:00:00,20.75,93.875,8,21.28999900817871,15.018749237060547,continue
p01,3,2019-01-07 18:00:00,21.375,96.5,8,14.299999237060547,12.399999618530273,birth
p01,3,2019-01-07 21:00:00,21.125,95.375,6,13.040000915527344,11.898333549499512,continue
p01,3,2019-01-08 00:00:00,20.625,96.375,199,49.67000198364258,17.938140869140625,continue
p01,4,2019-01-07 18:00:00,17.5,92.875,47,52.5,22.987232208251953,birth
p01,4,2019-01-07 21:00:00,18.25,93.5,12,21.830001831054688,14.916666984558105,continue
p01,5,2019-01-08 00:00:00,20.75,99.375,22,14.999999046325684,11.705000877380371,birth
p01,6,2019-01-08 06:00:00,20.875,97.125,197,51.099998474121094,20.134010314941406,birth
p01,6,2019-01-08 09:00:00,20.5,98.75,4,12.799999237060547,11.44999885559082,continue
p01,6,2019-01-08 12:00:00,21.125,99.375,30,32.29999923706055,17.510000228881836,continue
p01,7,2019-01-08 12:00:00,21.0,97.5,8,15.000001907348633,12.912500381469727,birth
p01,8,2019-01-08 12:00:00,16.125,96.625,5,12.19999885559082,11.5600004196167,birth
p01,9,2019-01-08 18:00:00,21.375,99.75,7,13.800000190734863,11.771429061889648,birth
p01,10,2019-01-09 00:00:00,5.875,95.875,14,36.769996643066406,18.679285049438477,birth
p01,11,2019-01-09 06:00:00,5.5,90.875,6,25.499998092651367,15.916666984558105,birth
p01,12,2019-01-09 15:00:00,6.125,97.375,4,12.40000057220459,11.467500686645508,birth
p01,12,2019-01-09 18:00:00,6.25,97.0,13,16.740001678466797,12.29615306854248,continue
p01,13,2019-01-09 18:00:00,5.125,99.25,5,13.25999927520752,11.739999771118164,birth
p01,14,2019-01-10 00:00:00,5.25,97.375,9,47.20000076293945,23.155555725097656,birth
p01,15,2019-01-10 00:00:00,5.125,93.375,5,14.0,12.219999313354492,birth
p01,16,2019-01-10 18:00:00,35.875,66.625,9,13.300000190734863,11.05555534362793,birth
p01,17,2019-01-12 00:00:00,33.75,74.375,5,13.90000057220459,12.699999809265137,birth
p01,18,2019-01-12 15:00:00,31.25,77.75,7,13.059999465942383,11.330000877380371,birth
p01,18,2019-01-12 18:00:00,31.375,78.125,4,12.65000057220459,11.582500457763672,continue
p01,19,2019-01-12 18:00:00,33.25,74.25,6,20.849998474121094,14.986666679382324,birth
p01,20,2019-01-13 00:00:00,32.875,76.0,9,18.5,14.077777862548828,birth
p01,21,2019-01-13 00:00:00,8.125,95.125,19,16.399999618530273,12.731579780578613,birth
p01,22,2019-01-13 12:00:00,13.5,99.0,11,15.100000381469727,12.545453071594238,birth
p01,23,2019-01-14 06:00:00,6.75,89.125,18,13.680000305175781,11.69111156463623,birth
p01,24,2019-01-14 12:00:00,6.25,88.75,17,28.700000762939453,16.44647216796875,birth
p01,25,2019-01-14 18:00:00,7.0,88.375,9,15.90000057220459,12.100000381469727,birth
p01,26,2019-01-15 06:00:00,5.25,89.875,10,33.599998474121094,22.020000457763672,birth
p01,27,2019-01-17 00:00:00,9.25,99.875,4,13.09999942779541,11.499999046325684,birth
p01,28,2019-01-17 00:00:00,6.25,98.75,4,10.700000762939453,10.27500057220459,birth
p01,29,2019-01-17 00:00:00,5.25,87.25,5,11.800000190734863,10.80000114440918,birth
p02,1,2019-01-07 15:00:00,17.875,93.5,28,22.6299991607666,14.082143783569336,birth
p02,1,2019-01-07 18:00:00,18.625,94.25,50,37.48999786376953,18.29779815673828,continue
p02,1,2019-01-07 21:00:00,18.875,95.25,4,11.300000190734863,10.5,continue
p02,1,2019-01-08 00:00:00,18.125,94.625,4,11.5,10.925000190734863,continue
p02,2,2019-01-07 18:00:00,17.25,99.125,4,11.020000457763672,10.84000015258789,birth
p02,3,2019-01-07 18:00:00,15.375,98.625,4,11.899999618530273,11.177499771118164,birth
p02,4,2019-01-07 21:00:00,19.875,96.875,7,10.600000381469727,10.314285278320312,birth
p02,4,2019-01-08 00:00:00,20.375,96.75,34,16.799999237060547,13.326469421386719,continue
p02,5,2019-01-08 00:00:00,22.25,97.625,59,27.299999237060547,16.188135147094727,birth
p02,6,2019-01-08 00:00:00,20.5,99.625,29,19.299999237060547,13.793103218078613,birth
p02,7,2019-01-08 00:00:00,18.5,93.625,7,16.0,12.571428298950195,birth
p02,8,2019-01-08 00:00:00,14.5,95.5,17,13.299999237060547,11.341176986694336,birth
p02,9,2019-01-08 00:00:00,7.0,96.125,9,13.59999942779541,11.511112213134766,birth
p02,10,2019-01-08 06:00:00,20.875,98.875,61,19.260000228881836,12.473115921020508,birth
p02,10,2019-01-08 09:00:00,20.25,97.875,6,20.05999755859375,13.534998893737793,continue
p02,10,2019-01-08 12:00:00,20.0,98.0,16,21.079998016357422,14.998125076293945,continue
p02,11,2019-01-08 06:00:00,20.125,96.5,61,26.239999771118164,16.493606567382812,birth
p02,12,2019-01-08 09:00:00,17.0,95.0,7,12.90999984741211,11.55571460723877,birth
p02,12,2019-01-08 12:00:00,17.5,96.0,12,13.559999465942383,11.98666763305664,continue
p02,13,2019-01-08 12:00:00,20.375,99.625,12,25.200000762939453,16.745832443237305,birth
p02,14,2019-01-08 12:00:00,18.625,97.25,5,16.490001678466797,12.831998825073242,birth
p02,15,2019-01-08 18:00:00,19.25,99.125,16,19.75,13.413125038146973,birth
p02,16,2019-01-11 00:00:00,6.625,89.125,31,14.399999618530273,11.761290550231934,birth
p02,17,2019-01-11 06:00:00,6.625,87.125,11,15.0600004196167,12.302725791931152,birth
p02,18,2019-01-11 12:00:00,6.0,85.375,27,21.299999237060547,13.62592601776123,birth
p02,19,2019-01-12 18:00:00,34.125,73.875,4,14.50999927520752,13.28499984741211,birth
p02,20,2019-01-13 18:00:00,5.25,66.25,22,19.400001525878906,12.340909004211426,birth
p02,21,2019-01-14 00:00:00,5.375,67.75,21,15.300000190734863,12.547618865966797,birth
p02,22,2019-01-14 06:00:00,8.25,83.0,6,14.629999160766602,11.998332977294922,birth
p02,23,2019-01-14 06:00:00,5.25,66.875,19,59.52000045776367,26.018421173095703,birth
p02,24,2019-01-16 06:00:00,5.125,77.25,8,14.90000057220459,13.087499618530273,birth
p03,1,2019-01-07 09:00:00,16.75,92.625,18,52.310001373291016,28.003887176513672,birth
p03,1,2019-01-07 12:00:00,16.625,93.375,106,43.57999801635742,18.860095977783203,continue
p03,1,2019-01-07 15:00:00,17.625,92.0,14,50.81999969482422,27.81357192993164,continue
p03,2,2019-01-07 15:00:00,18.875,95.375,10,14.920001029968262,12.180000305175781,birth
p03,2,2019-01-07 18:00:00,18.875,94.5,136,76.8800048828125,20.785146713256836,continue
p03,2,2019-01-07 21:00:00,19.75,94.5,12,36.06999969482422,20.463335037231445,continue
p03,2,2019-01-08 00:00:00,20.75,96.375,243,55.8800048828125,17.90876579284668,continue
p03,3,2019-01-07 15:00:00,18.875,96.25,9,26.770000457763672,15.851109504699707,birth
p03,4,2019-01-07 21:00:00,18.5,93.0,6,23.779998779296875,14.91833209991455,birth
p03,5,2019-01-08 00:00:00,21.375,96.125,15,16.59000015258789,12.576668739318848,birth
p03,6,2019-01-08 00:00:00,14.5,93.625,5,12.370000839233398,10.994000434875488,birth
p03,7,2019-01-08 00:00:00,14.875,95.25,4,10.820000648498535,10.34749984741211,birth
p03,8,2019-01-08 00:00:00,14.5,96.375,4,10.829999923706055,10.617499351501465,birth
p03,9,2019-01-08 00:00:00,7.0,96.0,27,27.92999839782715,16.401851654052734,birth
p03,9,2019-01-08 03:00:00,7.375,95.5,4,17.700000762939453,13.949999809265137,continue
p03,9,2019-01-08 06:00:00,7.375,95.625,4,13.400001525878906,12.050000190734863,continue
p03,10,2019-01-08 06:00:00,24.125,99.125,5,12.300000190734863,11.140000343322754,birth
p03,11,2019-01-08 06:00:00,20.125,97.0,184,53.29999542236328,19.878259658813477,birth
p03,11,2019-01-08 09:00:00,19.5,98.625,4,13.299999237060547,12.47499942779541,continue
p03,11,2019-01-08 12:00:00,20.125,99.375,32,30.099998474121094,18.24687385559082,continue
p03,12,2019-01-08 06:00:00,15.25,94.5,5,13.700000762939453,11.780000686645508,birth
p03,13,2019-01-08 06:00:00,6.625,96.5,9,17.80000114440918,13.733333587646484,birth
p03,14,2019-01-08 12:00:00,19.375,96.75,45,31.5,15.962220191955566,birth
p03,15,2019-01-08 12:00:00,15.0,94.875,4,11.5,10.90000057220459,birth
p03,16,2019-01-08 12:00:00,13.5,94.875,5,11.5,10.819999694824219,birth
p03,17,2019-01-08 18:00:00,20.375,99.0,26,22.489999771118164,15.846537590026855,birth
p03,18,2019-01-09 00:00:00,16.0,99.25,8,13.870000839233398,11.541250228881836,birth
p03,19,2019-01-09 18:00:00,5.25,97.625,5,20.420001983642578,17.229999542236328,birth
p03,20,2019-01-10 12:00:00,6.625,91.625,4,10.969999313354492,10.59000015258789,birth
p03,21,2019-01-10 15:00:00,35.875,65.25,4,16.099998474121094,13.149999618530273,birth
p03,21,2019-01-10 18:00:00,36.375,66.75,4,12.699999809265137,11.524999618530273,continue
p03,22,2019-01-10 18:00:00,5.25,90.375,6,13.90000057220459,12.233333587646484,birth
p03,23,2019-01-11 00:00:00,37.0,69.75,5,12.0,11.020000457763672,birth
p03,24,2019-01-11 00:00:00,5.375,89.375,10,14.399999618530273,11.0600004196167,birth
p03,25,2019-01-11 00:00:00,5.625,93.0,9,15.5,12.433333396911621,birth
p03,26,2019-01-11 06:00:00,5.625,93.125,19,15.299999237060547,11.878948211669922,birth
p03,27,2019-01-11 06:00:00,5.375,90.0,9,13.90000057220459,11.766666412353516,birth
p03,28,2019-01-11 12:00:00,5.375,90.75,33,15.799999237060547,11.484848022460938,birth
p03,29,2019-01-11 18:00:00,34.25,73.75,6,13.80000114440918,11.566665649414062,birth
p03,30,2019-01-12 00:00:00,33.875,74.125,17,16.299999237060547,12.770587921142578,birth
p03,31,2019-01-12 00:00:00,11.125,91.25,4,11.5,10.725000381469727,birth
p03,32,2019-01-12 06:00:00,34.0,74.75,8,15.500000953674316,12.774999618530273,birth
p03,33,2019-01-12 12:00:00,32.875,76.375,4,11.199999809265137,10.72499942779541,birth
p03,34,2019-01-12 12:00:00,32.0,77.375,10,15.0,12.079999923706055,birth
p03,35,2019-01-12 18:00:00,33.375,75.625,8,13.790000915527344,11.744999885559082,birth
p03,36,2019-01-12 18:00:00,30.875,79.125,7,14.210000038146973,12.28857135772705,birth
p03,37,2019-01-13 12:00:00,6.75,85.5,8,11.30000114440918,10.712499618530273,birth
p03,38,2019-01-13 18:00:00,6.25,83.625,4,10.819999694824219,10.542499542236328,birth
p03,39,2019-01-14 00:00:00,8.625,83.75,5,11.300000190734863,10.760000228881836,birth
p03,40,2019-01-14 00:00:00,6.375,83.125,12,13.600000381469727,11.191666603088379,birth
p03,41,2019-01-14 06:00:00,6.75,82.25,6,19.899999618530273,15.583333015441895,birth
p04,1,2019-01-07 09:00:00,15.375,93.0,16,20.059999465942383,15.569999694824219,birth
p04,1,2019-01-07 12:00:00,15.375,93.625,76,40.80000305175781,16.75131607055664,continue
p04,1,2019-01-07 15:00:00,17.875,93.875,36,23.239999771118164,13.649444580078125,continue
p04,1,2019-01-07 18:00:00,18.125,94.625,123,46.87000274658203,18.5747127532959,continue
p04,1,2019-01-07 21:00:00,20.125,95.875,32,23.600000381469727,15.359375,continue
p04,1,2019-01-08 00:00:00,20.0,96.875,6,11.099998474121094,10.433333396911621,continue
p04,2,2019-01-07 12:00:00,10.25,90.875,4,11.899999618530273,11.050000190734863,birth
p04,3,2019-01-07 18:00:00,15.5,92.5,9,13.4399995803833,11.446666717529297,birth
p04,4,2019-01-07 21:00:00,21.875,98.25,18,17.299999237060547,12.161110877990723,birth
p04,4,2019-01-08 00:00:00,22.0,98.375,46,26.80000114440918,15.69565200805664,continue
p04,5,2019-01-08 00:00:00,19.5,94.5,109,49.60000228881836,21.524770736694336,birth
p04,5,2019-01-08 03:00:00,20.5,94.0,4,14.579999923706055,12.242500305175781,continue
p04,5,2019-01-08 06:00:00,20.625,97.0,175,47.040000915527344,20.45485496520996,continue
p04,5,2019-01-08 09:00:00,20.125,97.875,4,11.799999237060547,10.97499942779541,continue
p04,5,2019-01-08 12:00:00,20.75,97.625,117,34.0,18.205984115600586,continue
p04,6,2019-01-08 00:00:00,16.5,93.875,5,11.399999618530273,11.039999961853027,birth
p04,7,2019-01-08 00:00:00,7.375,96.5,23,17.899999618530273,12.586956977844238,birth
p04,8,2019-01-08 06:00:00,7.5,96.5,6,16.770002365112305,12.501667022705078,birth
p04,9,2019-01-08 06:00:00,6.25,96.25,6,10.930000305175781,10.489999771118164,birth
p04,10,2019-01-08 18:00:00,21.0,99.875,4,14.09000015258789,12.2475004196167,birth
p04,11,2019-01-10 18:00:00,35.875,65.75,5,12.480000495910645,11.038000106811523,birth
p04,12,2019-01-11 00:00:00,31.625,77.25,4,11.600000381469727,10.899999618530273,birth
p04,13,2019-01-11 18:00:00,33.625,72.75,26,24.100000381469727,15.59999942779541,birth
p04,13,2019-01-11 21:00:00,33.875,73.75,9,19.200000762939453,14.266666412353516,continue
p04,13,2019-01-12 00:00:00,33.875,74.625,28,15.700000762939453,12.603571891784668,continue
p04,14,2019-01-12 06:00:00,33.875,75.375,4,11.40999984741211,10.647500038146973,birth
p04,15,2019-01-14 18:00:00,7.875,86.125,4,11.299999237060547,10.824999809265137,birth
p04,16,2019-01-14 18:00:00,6.625,89.875,4,11.40000057220459,10.925000190734863,birth
p04,17,2019-01-15 00:00:00,7.375,88.875,4,12.499999046325684,11.600000381469727,birth
p04,18,2019-01-15 00:00:00,6.625,88.0,5,12.90000057220459,11.420000076293945,birth
p04,19,2019-01-15 00:00:00,6.125,90.25,29,12.59999942779541,11.279309272766113,birth
p04,20,2019-01-15 06:00:00,6.5,82.875,18,15.59999942779541,11.69444465637207,birth
p04,21,2019-01-15 06:00:00,5.625,85.5,15,12.200000762939453,11.25333309173584,birth
p04,22,2019-01-15 06:00:00,5.5,89.75,19,12.0,10.873684883117676,birth
p04,23,2019-01-15 12:00:00,7.25,84.125,27,13.75,11.37259292602539,birth
p04,24,2019-01-15 12:00:00,5.5,90.25,28,14.760000228881836,12.319642066955566,birth
p04,25,2019-01-15 18:00:00,5.625,90.125,9,26.270000457763672,15.34111213684082,birth
p04,26,2019-01-16 00:00:00,8.875,82.625,4,10.5,10.324999809265137,birth
p04,27,2019-01-16 06:00:00,32.5,67.25,5,12.799999237060547,11.699999809265137,birth
p04,28,2019-01-16 12:00:00,10.875,85.5,14,14.920001029968262,11.235713005065918,birth
p04,29,2019-01-16 12:00:00,10.125,83.625,18,14.389999389648438,11.58277702331543,birth
p04,30,2019-01-16 12:00:00,6.625,80.125,17,15.510000228881836,11.828824043273926,birth
p04,31,2019-01-16 18:00:00,5.625,78.375,6,15.180000305175781,11.953333854675293,birth
p04,32,2019-01-16 21:00:00,30.625,66.875,6,12.5,11.35333251953125,birth
p04,32,2019-01-17 00:00:00,31.125,67.25,11,16.780000686645508,13.106363296508789,continue
p04,33,2019-01-17 00:00:00,32.625,66.75,6,12.070000648498535,11.20333194732666,birth
p04,34,2019-01-17 00:00:00,5.5,78.125,7,14.950000762939453,11.779999732971191,birth
p04,35,2019-01-17 00:00:00,5.125,83.625,4,14.40999984741211,12.414999008178711,birth
p04,36,2019-01-17 00:00:00,5.125,87.5,5,15.40000057220459,13.446001052856445,birth
