valid_time,latitude,longitude,consensus_track_id,member_count,member_support_pct,mean_peak_mm_3h,max_peak_mm_3h,confidence_score,confidence_level,footprint_radius_km,impact_level,alert_score,alert_level
2019-01-07 09:00:00,16.0,92.6875,1,4,80.0,30.69250011444092,52.310001373291016,0.7360227474016262,MEDIUM,235.0,HIGH,0.8640056868504065,HIGH
2019-01-07 09:00:00,16.5,94.375,2,1,20.0,15.399999618530272,15.399999618530272,0.4399999999999999,LOW,90.0,LOW,0.3031999969482422,WATCH
2019-01-07 12:00:00,16.03125,93.15625,1,4,80.0,49.642499923706055,83.0,0.7394307240684468,MEDIUM,235.0,HIGH,0.8648576810171116,HIGH
2019-01-07 12:00:00,17.625,94.0625,2,2,40.0,16.300000190734863,19.600000381469727,0.5294897965590744,MEDIUM,105.0,LOW,0.4291724521915264,WATCH
2019-01-07 12:00:00,10.25,90.875,3,1,20.0,11.899999618530272,11.899999618530272,0.4399999999999999,LOW,90.0,LOW,0.27519999694824215,WATCH
2019-01-07 12:00:00,13.625,92.5,4,1,20.0,11.369998931884766,11.369998931884766,0.4399999999999999,LOW,90.0,LOW,0.2709599914550781,WATCH
2019-01-07 15:00:00,17.925,93.175,2,5,100.0,26.977999877929687,50.81999969482422,0.8592562013522991,HIGH,250.0,HIGH,0.9648140503380748,SEVERE
2019-01-07 15:00:00,18.875,96.25,5,1,20.0,26.770000457763672,26.770000457763672,0.4399999999999999,LOW,140.0,MEDIUM,0.39416000366210935,WATCH
2019-01-07 15:00:00,18.875,95.375,1,1,20.0,14.920001029968262,14.920001029968262,0.4399999999999999,LOW,90.0,LOW,0.29936000823974607,WATCH
2019-01-07 18:00:00,18.325,93.95,2,5,100.0,49.40800170898437,76.8800048828125,0.8927991633518988,HIGH,250.0,HIGH,0.9731997908379747,SEVERE
2019-01-07 18:00:00,19.625,95.125,1,2,40.0,27.0,36.5,0.5019178103584161,MEDIUM,155.0,MEDIUM,0.557479452589604,WATCH
2019-01-07 18:00:00,21.4375,96.625,5,2,40.0,12.59999942779541,14.299999237060549,0.5443356689283261,MEDIUM,105.0,LOW,0.3904839111285659,WATCH
2019-01-07 18:00:00,15.5,92.5,7,1,20.0,13.4399995803833,13.4399995803833,0.4399999999999999,LOW,90.0,LOW,0.2875199966430664,WATCH
2019-01-07 18:00:00,15.375,98.625,6,1,20.0,11.899999618530272,11.899999618530272,0.4399999999999999,LOW,90.0,LOW,0.27519999694824215,WATCH
2019-01-07 18:00:00,17.25,99.125,8,1,20.0,11.020000457763672,11.020000457763672,0.4399999999999999,LOW,90.0,LOW,0.26816000366210935,WATCH
2019-01-07 21:00:00,19.375,94.6,1,5,100.0,25.899999809265136,36.69999694824219,0.9117166397049268,HIGH,200.0,MEDIUM,0.871529135512169,HIGH
2019-01-07 21:00:00,20.375,95.625,9,3,60.0,15.796666463216146,21.28999900817871,0.6425927776958347,MEDIUM,120.0,MEDIUM,0.5409681864893883,WATCH
2019-01-07 21:00:00,18.1875,92.875,2,2,40.0,24.88999938964844,26.0,0.5671923011423935,MEDIUM,155.0,MEDIUM,0.4897980752855984,WATCH
2019-01-07 21:00:00,21.875,98.25,10,1,20.0,17.299999237060547,17.299999237060547,0.4399999999999999,LOW,90.0,LOW,0.3183999938964844,WATCH
2019-01-07 21:00:00,21.125,95.375,5,1,20.0,13.040000915527344,13.040000915527344,0.4399999999999999,LOW,90.0,LOW,0.28432000732421875,WATCH
2019-01-08 00:00:00,20.925,96.325,9,5,100.0,46.85000228881836,55.8800048828125,0.9515211078560126,HIGH,250.0,HIGH,0.9878802769640032,SEVERE
2019-01-08 00:00:00,21.15,98.65,10,5,100.0,18.4379997253418,26.80000114440918,0.9063955139927652,HIGH,200.0,MEDIUM,0.7909988876534647,HIGH
2019-01-08 00:00:00,7.0625,96.25,12,4,80.0,18.582499504089355,27.92999839782715,0.7595972170217984,MEDIUM,185.0,MEDIUM,0.6933392914380667,HIGH
2019-01-08 00:00:00,17.75,93.875,2,3,60.0,20.99999936421712,35.599998474121094,0.5969662978182017,MEDIUM,170.0,MEDIUM,0.6440415622475192,HIGH
2019-01-08 00:00:00,14.5,95.0,11,3,60.0,12.356666564941406,13.299999237060549,0.6987218198051484,MEDIUM,120.0,MEDIUM,0.49108044884777147,WATCH
2019-01-08 00:00:00,20.1875,96.8125,5,2,40.0,13.94999885559082,16.799999237060547,0.5291071367633198,MEDIUM,105.0,LOW,0.40667677808731434,WATCH
2019-01-08 00:00:00,18.125,94.625,1,1,20.0,11.5,11.5,0.4399999999999999,LOW,90.0,LOW,0.27199999999999996,WATCH
2019-01-08 00:00:00,14.5,96.375,13,1,20.0,10.829999923706056,10.829999923706056,0.4399999999999999,LOW,90.0,LOW,0.26663999938964844,WATCH
2019-01-08 00:00:00,14.875,95.25,14,1,20.0,10.820000648498535,10.820000648498535,0.4399999999999999,LOW,90.0,LOW,0.2665600051879883,WATCH
2019-01-08 03:00:00,7.375,95.5,12,1,20.0,17.700000762939453,17.700000762939453,0.4399999999999999,LOW,90.0,LOW,0.3216000061035156,WATCH
2019-01-08 03:00:00,20.5,94.0,9,1,20.0,14.579999923706056,14.579999923706056,0.4399999999999999,LOW,90.0,LOW,0.2966399993896484,WATCH
2019-01-08 06:00:00,20.475,96.875,9,5,100.0,42.99599952697754,53.29999542236328,0.9420037715552504,HIGH,250.0,HIGH,0.9855009428888126,SEVERE
2019-01-08 06:00:00,6.958333333333333,96.45833333333331,16,3,60.0,17.780001958211262,18.770002365112305,0.7041768743301162,MEDIUM,120.0,MEDIUM,0.5362042375034275,WATCH
2019-01-08 06:00:00,6.8125,95.9375,12,2,40.0,12.165000915527344,13.400001525878906,0.5523507378159118,MEDIUM,105.0,LOW,0.3852876966610092,WATCH
2019-01-08 06:00:00,20.875,98.875,15,1,20.0,19.26000022888184,19.26000022888184,0.4399999999999999,LOW,90.0,LOW,0.33408000183105474,WATCH
2019-01-08 06:00:00,15.25,94.5,17,1,20.0,13.700000762939451,13.700000762939451,0.4399999999999999,LOW,90.0,LOW,0.2896000061035156,WATCH
2019-01-08 06:00:00,24.125,99.125,18,1,20.0,12.300000190734863,12.300000190734863,0.4399999999999999,LOW,90.0,LOW,0.2784000015258789,WATCH
2019-01-08 09:00:00,20.1,97.875,9,5,100.0,16.825999069213868,26.170000076293945,0.8928849756653889,HIGH,200.0,MEDIUM,0.7825812445266989,HIGH
2019-01-08 09:00:00,20.125,98.5,15,1,20.0,14.630001068115234,14.630001068115234,0.4399999999999999,LOW,90.0,LOW,0.29704000854492185,WATCH
2019-01-08 09:00:00,17.0,95.0,17,1,20.0,12.90999984741211,12.90999984741211,0.4399999999999999,LOW,90.0,LOW,0.2832799987792969,WATCH
2019-01-08 12:00:00,20.475,98.275,9,5,100.0,30.268000030517577,34.0,0.9670705894730788,HIGH,200.0,MEDIUM,0.8637676473682697,HIGH
2019-01-08 12:00:00,20.375,98.29166666666669,15,3,60.0,22.059999465942383,30.099998474121094,0.6398671181198071,MEDIUM,170.0,MEDIUM,0.6107667673229205,HIGH
2019-01-08 12:00:00,17.375,96.9375,21,2,40.0,14.345000267028809,16.490001678466797,0.5409763299631418,MEDIUM,105.0,LOW,0.4071640959185198,WATCH
2019-01-08 12:00:00,17.5,96.0,17,1,20.0,13.559999465942385,13.559999465942385,0.4399999999999999,LOW,90.0,LOW,0.2884799957275391,WATCH
2019-01-08 12:00:00,13.5,94.875,19,1,20.0,11.5,11.5,0.4399999999999999,LOW,90.0,LOW,0.27199999999999996,WATCH
2019-01-08 12:00:00,15.0,94.875,20,1,20.0,11.5,11.5,0.4399999999999999,LOW,90.0,LOW,0.27199999999999996,WATCH
2019-01-08 18:00:00,20.425,99.375,22,5,100.0,16.545999908447264,22.489999771118164,0.9207114318514712,HIGH,150.0,MEDIUM,0.7600978561318131,WATCH
2019-01-09 00:00:00,5.875,95.875,23,1,20.0,36.769996643066406,36.769996643066406,0.4399999999999999,LOW,140.0,MEDIUM,0.47415997314453123,WATCH
2019-01-09 00:00:00,16.0,99.25,24,1,20.0,13.870000839233398,13.870000839233398,0.4399999999999999,LOW,90.0,LOW,0.2909600067138672,WATCH
2019-01-09 06:00:00,5.5,90.875,25,1,20.0,25.499998092651367,25.499998092651367,0.4399999999999999,LOW,140.0,MEDIUM,0.38399998474121094,WATCH
2019-01-09 15:00:00,6.125,97.375,26,1,20.0,12.40000057220459,12.40000057220459,0.4399999999999999,LOW,90.0,LOW,0.2792000045776367,WATCH
2019-01-09 18:00:00,5.75,97.3125,26,2,40.0,18.580001831054688,20.42000198364257,0.5529676804543787,MEDIUM,105.0,LOW,0.4416019359827352,WATCH
2019-01-09 18:00:00,5.125,99.25,27,1,20.0,13.25999927520752,13.25999927520752,0.4399999999999999,LOW,90.0,LOW,0.28607999420166014,WATCH
2019-01-10 00:00:00,5.25,97.375,28,1,20.0,47.20000076293945,47.20000076293945,0.4399999999999999,LOW,140.0,MEDIUM,0.5576000061035156,WATCH
2019-01-10 00:00:00,5.125,93.375,29,1,20.0,14.0,14.0,0.4399999999999999,LOW,90.0,LOW,0.292,WATCH
2019-01-10 06:00:00,6.125,92.75,30,1,20.0,14.699999809265137,14.699999809265137,0.4399999999999999,LOW,90.0,LOW,0.2975999984741211,WATCH
2019-01-10 12:00:00,6.625,91.625,31,1,20.0,10.969999313354492,10.969999313354492,0.4399999999999999,LOW,90.0,LOW,0.2677599945068359,WATCH
2019-01-10 15:00:00,35.875,65.25,32,1,20.0,16.099998474121094,16.099998474121094,0.4399999999999999,LOW,90.0,LOW,0.30879998779296874,WATCH
2019-01-10 18:00:00,36.04166666666666,66.375,32,3,60.0,12.826666831970217,13.300000190734863,0.7093233086529108,MEDIUM,120.0,MEDIUM,0.49373082868910656,WATCH
2019-01-10 18:00:00,5.4375,90.8125,33,2,40.0,13.30000066757202,13.90000057220459,0.5670503632352307,MEDIUM,105.0,LOW,0.3929625953864444,WATCH
2019-01-11 00:00:00,6.0,89.25,37,2,40.0,14.399999618530272,14.399999618530272,0.58,MEDIUM,105.0,LOW,0.40019999694824215,WATCH
2019-01-11 00:00:00,5.625,93.0,36,1,20.0,15.5,15.5,0.4399999999999999,LOW,90.0,LOW,0.304,WATCH
2019-01-11 00:00:00,37.0,69.75,35,1,20.0,12.0,12.0,0.4399999999999999,LOW,90.0,LOW,0.27599999999999997,WATCH
2019-01-11 00:00:00,31.625,77.25,34,1,20.0,11.600000381469728,11.600000381469728,0.4399999999999999,LOW,90.0,LOW,0.27280000305175783,WATCH
2019-01-11 06:00:00,5.75,88.58333333333333,39,3,60.0,14.660000483194986,15.0600004196167,0.7120318745275678,MEDIUM,120.0,MEDIUM,0.5084879719888256,WATCH
2019-01-11 06:00:00,5.625,93.125,38,1,20.0,15.299999237060549,15.299999237060549,0.4399999999999999,LOW,90.0,LOW,0.30239999389648436,WATCH
2019-01-11 12:00:00,6.0,85.375,40,1,20.0,21.299999237060547,21.299999237060547,0.4399999999999999,LOW,90.0,LOW,0.35039999389648435,WATCH
2019-01-11 12:00:00,5.375,90.75,41,1,20.0,15.799999237060549,15.799999237060549,0.4399999999999999,LOW,90.0,LOW,0.30639999389648437,WATCH
2019-01-11 18:00:00,33.9375,73.25,42,2,40.0,18.950000762939453,24.100000381469727,0.5158921246059753,MEDIUM,105.0,LOW,0.46177303420325166,WATCH
2019-01-11 18:00:00,6.125,90.25,43,1,20.0,11.34999942779541,11.34999942779541,0.4399999999999999,LOW,90.0,LOW,0.27079999542236327,WATCH
2019-01-11 21:00:00,33.875,73.75,42,1,20.0,19.200000762939453,19.200000762939453,0.4399999999999999,LOW,90.0,LOW,0.33360000610351564,WATCH
2019-01-12 00:00:00,33.833333333333336,74.375,42,3,60.0,15.300000190734863,16.299999237060547,0.701595109844501,MEDIUM,120.0,MEDIUM,0.5157987713576095,WATCH
2019-01-12 00:00:00,11.125,91.25,44,1,20.0,11.5,11.5,0.4399999999999999,LOW,90.0,LOW,0.27199999999999996,WATCH
2019-01-12 06:00:00,33.666666666666664,75.16666666666667,45,3,60.0,12.890000343322754,15.500000953674316,0.6694838655217165,MEDIUM,120.0,MEDIUM,0.5013709740098237,WATCH
2019-01-12 06:00:00,31.875,75.875,46,1,20.0,11.440000534057615,11.440000534057615,0.4399999999999999,LOW,90.0,LOW,0.2715200042724609,WATCH
2019-01-12 12:00:00,32.1875,77.125,47,2,40.0,14.134999752044678,15.0,0.5626999961942272,MEDIUM,105.0,LOW,0.4006749990485568,WATCH
2019-01-12 12:00:00,33.0625,75.25,48,2,40.0,12.364999294281006,13.529998779296877,0.5541685254097672,MEDIUM,105.0,LOW,0.3867821215868168,WATCH
2019-01-12 15:00:00,31.25,77.75,47,1,20.0,13.059999465942385,13.059999465942385,0.4399999999999999,LOW,90.0,LOW,0.28447999572753907,WATCH
2019-01-12 18:00:00,33.53125,74.71875,49,4,80.0,16.137499570846558,20.849998474121094,0.7921942586743419,MEDIUM,135.0,MEDIUM,0.6448485524615541,WATCH
2019-01-12 18:00:00,31.25,78.45833333333333,47,3,60.0,14.286666870117188,16.0,0.6878750058225094,MEDIUM,120.0,MEDIUM,0.5099687514556273,WATCH
2019-01-13 00:00:00,32.6875,76.125,50,2,40.0,19.020000457763672,19.540000915527344,0.5720163704177972,MEDIUM,105.0,LOW,0.43932409992866805,WATCH
2019-01-13 00:00:00,8.125,95.125,51,1,20.0,16.399999618530273,16.399999618530273,0.4399999999999999,LOW,90.0,LOW,0.3111999969482422,WATCH
2019-01-13 12:00:00,13.5,99.0,52,1,20.0,15.100000381469728,15.100000381469728,0.4399999999999999,LOW,90.0,LOW,0.3008000030517578,WATCH
2019-01-13 12:00:00,6.75,85.5,53,1,20.0,11.30000114440918,11.30000114440918,0.4399999999999999,LOW,90.0,LOW,0.2704000091552734,WATCH
2019-01-13 18:00:00,5.25,66.25,54,1,20.0,19.400001525878903,19.400001525878903,0.4399999999999999,LOW,90.0,LOW,0.3352000122070312,WATCH
2019-01-13 18:00:00,6.25,83.625,55,1,20.0,10.81999969482422,10.81999969482422,0.4399999999999999,LOW,90.0,LOW,0.2665599975585937,WATCH
2019-01-14 00:00:00,5.375,67.75,56,1,20.0,15.300000190734863,15.300000190734863,0.4399999999999999,LOW,90.0,LOW,0.30240000152587887,WATCH
2019-01-14 00:00:00,6.375,83.125,57,1,20.0,13.600000381469728,13.600000381469728,0.4399999999999999,LOW,90.0,LOW,0.2888000030517578,WATCH
2019-01-14 00:00:00,8.625,83.75,58,1,20.0,11.300000190734863,11.300000190734863,0.4399999999999999,LOW,90.0,LOW,0.2704000015258789,WATCH
2019-01-14 06:00:00,5.25,66.875,59,1,20.0,59.52000045776367,59.52000045776367,0.4399999999999999,LOW,190.0,MEDIUM,0.58,WATCH
2019-01-14 06:00:00,7.5,82.625,60,2,40.0,17.264999389648438,19.89999961853028,0.5402763796937542,MEDIUM,105.0,LOW,0.43426909187168083,WATCH
2019-01-14 06:00:00,6.75,89.125,61,1,20.0,13.68000030517578,13.68000030517578,0.4399999999999999,LOW,90.0,LOW,0.2894400024414062,WATCH
2019-01-14 12:00:00,6.25,88.75,62,1,20.0,28.700000762939453,28.700000762939453,0.4399999999999999,LOW,140.0,MEDIUM,0.4096000061035156,WATCH
2019-01-14 18:00:00,6.8125,89.125,63,2,40.0,13.65000057220459,15.90000057220459,0.5375471740090898,MEDIUM,105.0,LOW,0.40158679807990916,WATCH
2019-01-14 18:00:00,7.875,86.125,64,1,20.0,11.299999237060549,11.299999237060549,0.4399999999999999,LOW,90.0,LOW,0.2703999938964844,WATCH
2019-01-15 00:00:00,9.25,85.375,65,1,20.0,19.40999984741211,19.40999984741211,0.4399999999999999,LOW,90.0,LOW,0.3352799987792969,WATCH
2019-01-15 00:00:00,6.625,88.0,66,1,20.0,12.90000057220459,12.90000057220459,0.4399999999999999,LOW,90.0,LOW,0.2832000045776367,WATCH
2019-01-15 00:00:00,6.125,90.25,67,1,20.0,12.59999942779541,12.59999942779541,0.4399999999999999,LOW,90.0,LOW,0.2807999954223633,WATCH
2019-01-15 00:00:00,7.375,88.875,68,1,20.0,12.499999046325684,12.499999046325684,0.4399999999999999,LOW,90.0,LOW,0.27999999237060547,WATCH
2019-01-15 06:00:00,5.375,89.8125,69,2,40.0,22.799999237060547,33.599998474121094,0.4835714338741692,LOW,155.0,MEDIUM,0.529692846261511,WATCH
2019-01-15 06:00:00,6.5,82.875,70,1,20.0,15.59999942779541,15.59999942779541,0.4399999999999999,LOW,90.0,LOW,0.30479999542236325,WATCH
2019-01-15 06:00:00,5.625,85.5,71,1,20.0,12.200000762939451,12.200000762939451,0.4399999999999999,LOW,90.0,LOW,0.2776000061035156,WATCH
2019-01-15 12:00:00,5.5,90.25,72,1,20.0,14.760000228881836,14.760000228881836,0.4399999999999999,LOW,90.0,LOW,0.29808000183105465,WATCH
2019-01-15 12:00:00,7.25,84.125,73,1,20.0,13.75,13.75,0.4399999999999999,LOW,90.0,LOW,0.29,WATCH
2019-01-15 18:00:00,5.625,90.125,74,1,20.0,26.270000457763672,26.270000457763672,0.4399999999999999,LOW,140.0,MEDIUM,0.39016000366210934,WATCH
2019-01-16 00:00:00,5.25,77.625,75,1,20.0,16.220001220703125,16.220001220703125,0.4399999999999999,LOW,90.0,LOW,0.309760009765625,WATCH
2019-01-16 00:00:00,8.875,82.625,76,1,20.0,10.5,10.5,0.4399999999999999,LOW,90.0,LOW,0.26399999999999996,WATCH
2019-01-16 06:00:00,5.125,77.25,77,1,20.0,14.90000057220459,14.90000057220459,0.4399999999999999,LOW,90.0,LOW,0.2992000045776367,WATCH
2019-01-16 06:00:00,32.5,67.25,78,1,20.0,12.799999237060549,12.799999237060549,0.4399999999999999,LOW,90.0,LOW,0.2823999938964844,WATCH
2019-01-16 12:00:00,6.4375,80.4375,79,2,40.0,14.225000381469728,15.510000228881836,0.5551450726189643,MEDIUM,105.0,LOW,0.4028662699857958,WATCH
2019-01-16 12:00:00,10.875,85.5,80,1,20.0,14.920001029968262,14.920001029968262,0.4399999999999999,LOW,90.0,LOW,0.29936000823974607,WATCH
2019-01-16 12:00:00,10.125,83.625,81,1,20.0,14.389999389648438,14.389999389648438,0.4399999999999999,LOW,90.0,LOW,0.29511999511718745,WATCH
2019-01-16 18:00:00,5.625,78.375,82,1,20.0,15.18000030517578,15.18000030517578,0.4399999999999999,LOW,90.0,LOW,0.30144000244140623,WATCH
2019-01-16 21:00:00,30.625,66.875,83,1,20.0,12.5,12.5,0.4399999999999999,LOW,90.0,LOW,0.27999999999999997,WATCH
2019-01-17 00:00:00,5.1875,87.375,88,2,40.0,13.600000381469728,15.40000057220459,0.5449350647992723,MEDIUM,105.0,LOW,0.3994337707774548,WATCH
2019-01-17 00:00:00,31.125,67.25,83,1,20.0,16.780000686645508,16.780000686645508,0.4399999999999999,LOW,90.0,LOW,0.31424000549316405,WATCH
2019-01-17 00:00:00,5.5,78.125,89,1,20.0,14.950000762939451,14.950000762939451,0.4399999999999999,LOW,90.0,LOW,0.2996000061035156,WATCH
2019-01-17 00:00:00,9.0,89.0,86,1,20.0,14.679999351501465,14.679999351501465,0.4399999999999999,LOW,90.0,LOW,0.2974399948120117,WATCH
2019-01-17 00:00:00,5.125,83.625,85,1,20.0,14.40999984741211,14.40999984741211,0.4399999999999999,LOW,90.0,LOW,0.29527999877929684,WATCH
2019-01-17 00:00:00,9.25,99.875,84,1,20.0,13.09999942779541,13.09999942779541,0.4399999999999999,LOW,90.0,LOW,0.2847999954223633,WATCH
2019-01-17 00:00:00,32.625,66.75,87,1,20.0,12.070000648498535,12.070000648498535,0.4399999999999999,LOW,90.0,LOW,0.2765600051879883,WATCH
2019-01-17 00:00:00,6.25,98.75,90,1,20.0,10.700000762939451,10.700000762939451,0.4399999999999999,LOW,90.0,LOW,0.2656000061035156,WATCH
