valid_time,latitude,longitude,member_count,member_support_pct,members,mean_peak_mm_3h,max_peak_mm_3h,object_count,consensus_track_id,event_type,support_score,intensity_consistency,confidence_score,confidence_level,footprint_radius_km,lat_delta,lon_delta,min_lat,max_lat,min_lon,max_lon,impact_level
2019-01-07 09:00:00,16.0,92.6875,4,80.0,"c00,p01,p03,p04",30.69250011444092,52.310001373291016,4,1,birth,0.8,0.5867424913387542,0.7360227474016262,MEDIUM,235.0,2.1171171171171173,2.2024357425898784,13.882882882882882,18.117117117117118,90.48506425741012,94.88993574258988,HIGH
2019-01-07 09:00:00,16.5,94.375,1,20.0,p01,15.399999618530272,15.399999618530272,1,2,birth,0.2,1.0,0.4399999999999999,LOW,90.0,0.8108108108108109,0.8456342535776773,15.68918918918919,17.31081081081081,93.52936574642233,95.22063425357767,LOW
2019-01-07 12:00:00,16.03125,93.15625,4,80.0,"c00,p01,p03,p04",49.642499923706055,83.0,4,1,continue,0.8,0.5981024135614896,0.7394307240684468,MEDIUM,235.0,2.1171171171171173,2.2027805748439575,13.914132882882882,18.148367117117118,90.95346942515604,95.35903057484396,HIGH
2019-01-07 12:00:00,17.625,94.0625,2,40.0,"c00,p01",16.300000190734863,19.600000381469727,2,2,continue,0.4,0.8316326551969146,0.5294897965590744,MEDIUM,105.0,0.9459459459459459,0.9925369782748352,16.679054054054053,18.570945945945947,93.06996302172516,95.05503697827484,LOW
2019-01-07 12:00:00,10.25,90.875,1,20.0,p04,11.899999618530272,11.899999618530272,1,3,birth,0.2,1.0,0.4399999999999999,LOW,90.0,0.8108108108108109,0.8239606479185002,9.43918918918919,11.06081081081081,90.0510393520815,91.6989606479185,LOW
2019-01-07 12:00:00,13.625,92.5,1,20.0,c00,11.369998931884766,11.369998931884766,1,4,birth,0.2,1.0,0.4399999999999999,LOW,90.0,0.8108108108108109,0.8342891182524302,12.81418918918919,14.43581081081081,91.66571088174757,93.33428911825243,LOW
2019-01-07 15:00:00,17.925,93.175,5,100.0,"c00,p01,p02,p03,p04",26.977999877929687,50.81999969482422,5,2,continue,1.0,0.5308540045076636,0.8592562013522991,HIGH,250.0,2.2522522522522523,2.3671533959631335,15.67274774774775,20.177252252252252,90.80784660403687,95.54215339596313,HIGH
2019-01-07 15:00:00,18.875,95.375,1,20.0,p03,14.920001029968262,14.920001029968262,1,1,continue,0.2,1.0,0.4399999999999999,LOW,90.0,0.8108108108108109,0.8568886216489816,18.06418918918919,19.68581081081081,94.51811137835102,96.23188862164898,LOW
2019-01-07 15:00:00,18.875,96.25,1,20.0,p03,26.770000457763672,26.770000457763672,1,5,birth,0.2,1.0,0.4399999999999999,LOW,140.0,1.2612612612612613,1.332937855898416,17.61373873873874,20.13626126126126,94.91706214410158,97.58293785589842,MEDIUM
2019-01-07 18:00:00,18.325,93.95,5,100.0,"c00,p01,p02,p03,p04",49.40800170898437,76.8800048828125,5,2,continue,1.0,0.6426638778396628,0.8927991633518988,HIGH,250.0,2.2522522522522523,2.3725690680018543,16.072747747747748,20.57725225225225,91.57743093199815,96.32256906800185,HIGH
2019-01-07 18:00:00,21.4375,96.625,2,40.0,"c00,p01",12.59999942779541,14.299999237060549,2,5,continue,0.4,0.8811188964277539,0.5443356689283261,MEDIUM,105.0,0.9459459459459459,1.0162536180016128,20.491554054054053,22.383445945945947,95.60874638199839,97.64125361800161,LOW
2019-01-07 18:00:00,19.625,95.125,2,40.0,"c00,p01",27.0,36.5,2,1,continue,0.4,0.7397260345280539,0.5019178103584161,MEDIUM,155.0,1.3963963963963963,1.4825141697799489,18.228603603603602,21.021396396396398,93.64248583022005,96.60751416977995,MEDIUM
2019-01-07 18:00:00,15.375,98.625,1,20.0,p02,11.899999618530272,11.899999618530272,1,6,birth,0.2,1.0,0.4399999999999999,LOW,90.0,0.8108108108108109,0.8409058357370036,14.56418918918919,16.18581081081081,97.784094164263,99.465905835737,LOW
2019-01-07 18:00:00,15.5,92.5,1,20.0,p04,13.4399995803833,13.4399995803833,1,7,birth,0.2,1.0,0.4399999999999999,LOW,90.0,0.8108108108108109,0.8414126059539059,14.68918918918919,16.31081081081081,91.6585873940461,93.3414126059539,LOW
2019-01-07 18:00:00,17.25,99.125,1,20.0,p02,11.020000457763672,11.020000457763672,1,8,birth,0.2,1.0,0.4399999999999999,LOW,90.0,0.8108108108108109,0.8489988251205148,16.43918918918919,18.06081081081081,98.27600117487948,99.97399882512052,LOW
2019-01-07 21:00:00,19.375,94.6,5,100.0,"c00,p01,p02,p03,p04",25.899999809265136,36.69999694824219,5,1,continue,1.0,0.7057221323497557,0.9117166397049268,HIGH,200.0,1.8018018018018018,1.9099680668384917,17.5731981981982,21.1768018018018,92.6900319331615,96.50996806683848,MEDIUM
2019-01-07 21:00:00,20.375,95.625,3,60.0,"c00,p01,p02",15.796666463216146,21.28999900817871,3,9,birth,0.6,0.7419759256527825,0.6425927776958347,MEDIUM,120.0,1.0810810810810811,1.1532343488321972,19.29391891891892,21.45608108108108,94.4717656511678,96.7782343488322,MEDIUM
2019-01-07 21:00:00,18.1875,92.875,2,40.0,"c00,p03",24.88999938964844,26.0,2,2,continue,0.4,0.957307670474645,0.5671923011423935,MEDIUM,155.0,1.3963963963963963,1.4698287932955227,16.791103603603602,19.583896396396398,91.40517120670448,94.34482879329552,MEDIUM
2019-01-07 21:00:00,21.125,95.375,1,20.0,p01,13.040000915527344,13.040000915527344,1,5,continue,0.2,1.0,0.4399999999999999,LOW,90.0,0.8108108108108109,0.869225952005538,20.31418918918919,21.93581081081081,94.50577404799446,96.24422595200554,LOW
2019-01-07 21:00:00,21.875,98.25,1,20.0,p04,17.299999237060547,17.299999237060547,1,10,birth,0.2,1.0,0.4399999999999999,LOW,90.0,0.8108108108108109,0.8737195703122714,21.06418918918919,22.68581081081081,97.37628042968772,99.12371957031228,LOW
2019-01-08 00:00:00,20.925,96.325,5,100.0,"c00,p01,p02,p03,p04",46.85000228881836,55.8800048828125,5,9,continue,1.0,0.8384036928533757,0.9515211078560126,HIGH,250.0,2.2522522522522523,2.4112791786257506,18.67274774774775,23.177252252252252,93.91372082137426,98.73627917862575,HIGH
2019-01-08 00:00:00,21.15,98.65,5,100.0,"c00,p01,p02,p03,p04",18.4379997253418,26.80000114440918,5,10,continue,1.0,0.6879850466425504,0.9063955139927652,HIGH,200.0,1.8018018018018018,1.9319391072974144,19.348198198198197,22.9518018018018,96.7180608927026,100.58193910729742,MEDIUM
2019-01-08 00:00:00,7.0625,96.25,4,80.0,"c00,p02,p03,p04",18.582499504089355,27.92999839782715,4,12,birth,0.8,0.6653240567393284,0.7595972170217984,MEDIUM,185.0,1.6666666666666667,1.679408976861139,5.395833333333333,8.729166666666666,94.57059102313886,97.92940897686114,MEDIUM
2019-01-08 00:00:00,14.5,95.0,3,60.0,"c00,p02,p03",12.356666564941406,13.299999237060549,3,11,birth,0.6,0.9290727326838282,0.6987218198051484,MEDIUM,120.0,1.0810810810810811,1.11664898615966,13.41891891891892,15.58108108108108,93.88335101384034,96.11664898615966,MEDIUM
2019-01-08 00:00:00,17.75,93.875,3,60.0,"c00,p02,p04",20.99999936421712,35.599998474121094,3,2,continue,0.6,0.5898876593940056,0.5969662978182017,MEDIUM,170.0,1.5315315315315314,1.6080830386958547,16.21846846846847,19.28153153153153,92.26691696130415,95.48308303869585,MEDIUM
2019-01-08 00:00:00,20.1875,96.8125,2,40.0,"p02,p04",13.94999885559082,16.799999237060547,2,5,continue,0.4,0.8303571225443992,0.5291071367633198,MEDIUM,105.0,0.9459459459459459,1.0078604965484956,19.241554054054053,21.133445945945947,95.80463950345151,97.82036049654849,LOW
2019-01-08 00:00:00,18.125,94.625,1,20.0,p02,11.5,11.5,1,1,continue,0.2,1.0,0.4399999999999999,LOW,90.0,0.8108108108108109,0.8531437319946259,17.31418918918919,18.93581081081081,93.77185626800538,95.47814373199462,LOW
2019-01-08 00:00:00,14.5,96.375,1,20.0,p03,10.829999923706056,10.829999923706056,1,13,birth,0.2,1.0,0.4399999999999999,LOW,90.0,0.8108108108108109,0.837486739619745,13.68918918918919,15.31081081081081,95.53751326038025,97.21248673961975,LOW
2019-01-08 00:00:00,14.875,95.25,1,20.0,p03,10.820000648498535,10.820000648498535,1,14,birth,0.2,1.0,0.4399999999999999,LOW,90.0,0.8108108108108109,0.8389247021823149,14.06418918918919,15.68581081081081,94.41107529781769,96.08892470218231,LOW
2019-01-08 03:00:00,20.5,94.0,1,20.0,p04,14.579999923706056,14.579999923706056,1,9,continue,0.2,1.0,0.4399999999999999,LOW,90.0,0.8108108108108109,0.8656292138463295,19.68918918918919,21.31081081081081,93.13437078615367,94.86562921384633,LOW
2019-01-08 03:00:00,7.375,95.5,1,20.0,p03,17.700000762939453,17.700000762939453,1,12,continue,0.2,1.0,0.4399999999999999,LOW,90.0,0.8108108108108109,0.8175743865121672,6.5641891891891895,8.18581081081081,94.68242561348784,96.31757438651216,LOW
2019-01-08 06:00:00,20.475,96.875,5,100.0,"c00,p01,p02,p03,p04",42.99599952697754,53.29999542236328,5,9,continue,1.0,0.806679238517501,0.9420037715552504,HIGH,250.0,2.2522522522522523,2.4041336174158516,18.22274774774775,22.727252252252253,94.47086638258415,99.27913361741585,HIGH
2019-01-08 06:00:00,6.958333333333333,96.45833333333331,3,60.0,"c00,p03,p04",17.780001958211262,18.770002365112305,3,16,birth,0.6,0.9472562477670542,0.7041768743301162,MEDIUM,120.0,1.0810810810810811,1.0891028517257946,5.8772522522522515,8.039414414414415,95.36923048160752,97.54743618505911,MEDIUM
2019-01-08 06:00:00,6.8125,95.9375,2,40.0,"p03,p04",12.165000915527344,13.400001525878906,2,12,continue,0.4,0.9078357927197064,0.5523507378159118,MEDIUM,105.0,0.9459459459459459,0.952672142096711,5.866554054054054,7.758445945945946,94.98482785790328,96.89017214209672,LOW
2019-01-08 06:00:00,20.875,98.875,1,20.0,p02,19.26000022888184,19.26000022888184,1,15,birth,0.2,1.0,0.4399999999999999,LOW,90.0,0.8108108108108109,0.8677712815427913,20.06418918918919,21.68581081081081,98.00722871845721,99.74277128154279,LOW
2019-01-08 06:00:00,15.25,94.5,1,20.0,p03,13.700000762939451,13.700000762939451,1,17,birth,0.2,1.0,0.4399999999999999,LOW,90.0,0.8108108108108109,0.8404036732085806,14.43918918918919,16.06081081081081,93.65959632679142,95.34040367320858,LOW
2019-01-08 06:00:00,24.125,99.125,1,20.0,p03,12.300000190734863,12.300000190734863,1,18,birth,0.2,1.0,0.4399999999999999,LOW,90.0,0.8108108108108109,0.8884079868001298,23.31418918918919,24.93581081081081,98.23659201319987,100.01340798680013,LOW
2019-01-08 09:00:00,20.1,97.875,5,100.0,"c00,p01,p02,p03,p04",16.825999069213868,26.170000076293945,5,9,continue,1.0,0.6429499188846299,0.8928849756653889,HIGH,200.0,1.8018018018018018,1.918659173754678,18.2981981981982,21.901801801801803,95.95634082624532,99.79365917375468,MEDIUM
2019-01-08 09:00:00,20.125,98.5,1,20.0,c00,14.630001068115234,14.630001068115234,1,15,continue,0.2,1.0,0.4399999999999999,LOW,90.0,0.8108108108108109,0.8635345952324853,19.31418918918919,20.93581081081081,97.63646540476752,99.36353459523248,LOW
2019-01-08 09:00:00,17.0,95.0,1,20.0,p02,12.90999984741211,12.90999984741211,1,17,continue,0.2,1.0,0.4399999999999999,LOW,90.0,0.8108108108108109,0.8478581809355255,16.18918918918919,17.81081081081081,94.15214181906447,95.84785818093553,LOW
2019-01-08 12:00:00,20.475,98.275,5,100.0,"c00,p01,p02,p03,p04",30.268000030517577,34.0,5,9,continue,1.0,0.8902352982435964,0.9670705894730788,HIGH,200.0,1.8018018018018018,1.9233068939326812,18.6731981981982,22.276801801801803,96.35169310606733,100.19830689393268,MEDIUM
2019-01-08 12:00:00,20.375,98.29166666666669,3,60.0,"p01,p02,p03",22.059999465942383,30.099998474121094,3,15,continue,0.6,0.7328903937326905,0.6398671181198071,MEDIUM,170.0,1.5315315315315314,1.6337486608456127,18.84346846846847,21.90653153153153,96.65791800582107,99.9254153275123,MEDIUM
2019-01-08 12:00:00,17.375,96.9375,2,40.0,"p01,p02",14.345000267028809,16.490001678466797,2,21,birth,0.4,0.8699210998771393,0.5409763299631418,MEDIUM,105.0,0.9459459459459459,0.9911724315053487,16.429054054054053,18.320945945945947,95.94632756849465,97.92867243150535,LOW
2019-01-08 12:00:00,17.5,96.0,1,20.0,p02,13.559999465942385,13.559999465942385,1,17,continue,0.2,1.0,0.4399999999999999,LOW,90.0,0.8108108108108109,0.8501587501141709,16.68918918918919,18.31081081081081,95.14984124988582,96.85015875011418,LOW
2019-01-08 12:00:00,13.5,94.875,1,20.0,p03,11.5,11.5,1,19,birth,0.2,1.0,0.4399999999999999,LOW,90.0,0.8108108108108109,0.8338501570258448,12.68918918918919,14.31081081081081,94.04114984297415,95.70885015702585,LOW
2019-01-08 12:00:00,15.0,94.875,1,20.0,p03,11.5,11.5,1,20,birth,0.2,1.0,0.4399999999999999,LOW,90.0,0.8108108108108109,0.8394131192514187,14.18918918918919,15.81081081081081,94.03558688074858,95.71441311925142,LOW
2019-01-08 18:00:00,20.425,99.375,5,100.0,"c00,p01,p02,p03,p04",16.545999908447264,22.489999771118164,5,22,birth,1.0,0.7357047728382371,0.9207114318514712,HIGH,150.0,1.3513513513513513,1.4420108518789596,19.07364864864865,21.77635135135135,97.93298914812104,100.81701085187896,MEDIUM
2019-01-09 00:00:00,5.875,95.875,1,20.0,p01,36.769996643066406,36.769996643066406,1,23,birth,0.2,1.0,0.4399999999999999,LOW,140.0,1.2612612612612613,1.267920921909572,4.613738738738739,7.136261261261261,94.60707907809042,97.14292092190958,MEDIUM
2019-01-09 00:00:00,16.0,99.25,1,20.0,p03,13.870000839233398,13.870000839233398,1,24,birth,0.2,1.0,0.4399999999999999,LOW,90.0,0.8108108108108109,0.8434860290769747,15.18918918918919,16.81081081081081,98.40651397092303,100.09348602907697,LOW
2019-01-09 06:00:00,5.5,90.875,1,20.0,p01,25.499998092651367,25.499998092651367,1,25,birth,0.2,1.0,0.4399999999999999,LOW,140.0,1.2612612612612613,1.2670947139743955,4.238738738738739,6.761261261261261,89.6079052860256,92.1420947139744,MEDIUM
2019-01-09 15:00:00,6.125,97.375,1,20.0,p01,12.40000057220459,12.40000057220459,1,26,birth,0.2,1.0,0.4399999999999999,LOW,90.0,0.8108108108108109,0.8154659118046131,5.3141891891891895,6.9358108108108105,96.55953408819539,98.19046591180461,LOW
2019-01-09 18:00:00,5.75,97.3125,2,40.0,"p01,p03",18.580001831054688,20.42000198364257,2,26,continue,0.4,0.9098922681812626,0.5529676804543787,MEDIUM,105.0,0.9459459459459459,0.9507295241952538,4.804054054054054,6.695945945945946,96.36177047580475,98.26322952419525,LOW
2019-01-09 18:00:00,5.125,99.25,1,20.0,p01,13.25999927520752,13.25999927520752,1,27,birth,0.2,1.0,0.4399999999999999,LOW,90.0,0.8108108108108109,0.8140652947699529,4.3141891891891895,5.9358108108108105,98.43593470523005,100.06406529476995,LOW
2019-01-10 00:00:00,5.25,97.375,1,20.0,p01,47.20000076293945,47.20000076293945,1,28,birth,0.2,1.0,0.4399999999999999,LOW,140.0,1.2612612612612613,1.2665746335812307,3.9887387387387387,6.511261261261261,96.10842536641877,98.64157463358123,MEDIUM
2019-01-10 00:00:00,5.125,93.375,1,20.0,p01,14.0,14.0,1,29,birth,0.2,1.0,0.4399999999999999,LOW,90.0,0.8108108108108109,0.8140652947699529,4.3141891891891895,5.9358108108108105,92.56093470523005,94.18906529476995,LOW
2019-01-10 06:00:00,6.125,92.75,1,20.0,c00,14.699999809265137,14.699999809265137,1,30,birth,0.2,1.0,0.4399999999999999,LOW,90.0,0.8108108108108109,0.8154659118046131,5.3141891891891895,6.9358108108108105,91.93453408819539,93.56546591180461,LOW
2019-01-10 12:00:00,6.625,91.625,1,20.0,p03,10.969999313354492,10.969999313354492,1,31,birth,0.2,1.0,0.4399999999999999,LOW,90.0,0.8108108108108109,0.8162613796464026,5.8141891891891895,7.4358108108108105,90.8087386203536,92.4412613796464,LOW
2019-01-10 15:00:00,35.875,65.25,1,20.0,p03,16.099998474121094,16.099998474121094,1,32,birth,0.2,1.0,0.4399999999999999,LOW,90.0,0.8108108108108109,1.0006335874534602,35.064189189189186,36.685810810810814,64.24936641254654,66.25063358745346,LOW
2019-01-10 18:00:00,36.04166666666666,66.375,3,60.0,"p01,p03,p04",12.826666831970217,13.300000190734863,3,32,continue,0.6,0.9644110288430362,0.7093233086529108,MEDIUM,120.0,1.0810810810810811,1.3369964698354306,34.96058558558558,37.12274774774774,65.03800353016457,67.71199646983543,MEDIUM
2019-01-10 18:00:00,5.4375,90.8125,2,40.0,"c00,p03",13.30000066757202,13.90000057220459,2,33,birth,0.4,0.9568345441174358,0.5670503632352307,MEDIUM,105.0,0.9459459459459459,0.9502217942395228,4.491554054054054,6.383445945945946,89.86227820576048,91.76272179423952,LOW
2019-01-11 00:00:00,6.0,89.25,2,40.0,"p02,p03",14.399999618530272,14.399999618530272,2,37,birth,0.4,1.0,0.58,MEDIUM,105.0,0.9459459459459459,0.9511564806681913,5.054054054054054,6.945945945945946,88.29884351933181,90.20115648066819,LOW
2019-01-11 00:00:00,31.625,77.25,1,20.0,p04,11.600000381469728,11.600000381469728,1,34,birth,0.2,1.0,0.4399999999999999,LOW,90.0,0.8108108108108109,0.9522166819952902,30.81418918918919,32.435810810810814,76.2977833180047,78.2022166819953,LOW
2019-01-11 00:00:00,37.0,69.75,1,20.0,p03,12.0,12.0,1,35,birth,0.2,1.0,0.4399999999999999,LOW,90.0,0.8108108108108109,1.0152451282347776,36.189189189189186,37.810810810810814,68.73475487176522,70.76524512823478,LOW
2019-01-11 00:00:00,5.625,93.0,1,20.0,p03,15.5,15.5,1,36,birth,0.2,1.0,0.4399999999999999,LOW,90.0,0.8108108108108109,0.8147339776024146,4.8141891891891895,6.4358108108108105,92.18526602239758,93.81473397760242,LOW
2019-01-11 06:00:00,5.75,88.58333333333333,3,60.0,"c00,p02,p03",14.660000483194986,15.0600004196167,3,39,birth,0.6,0.9734395817585592,0.7120318745275678,MEDIUM,120.0,1.0810810810810811,1.0865480276517185,4.668918918918919,6.831081081081081,87.49678530568161,89.66988136098504,MEDIUM
2019-01-11 06:00:00,5.625,93.125,1,20.0,p03,15.299999237060549,15.299999237060549,1,38,birth,0.2,1.0,0.4399999999999999,LOW,90.0,0.8108108108108109,0.8147339776024146,4.8141891891891895,6.4358108108108105,92.31026602239758,93.93973397760242,LOW
2019-01-11 12:00:00,6.0,85.375,1,20.0,p02,21.299999237060547,21.299999237060547,1,40,birth,0.2,1.0,0.4399999999999999,LOW,90.0,0.8108108108108109,0.8152769834298782,5.1891891891891895,6.8108108108108105,84.55972301657012,86.19027698342988,LOW
2019-01-11 12:00:00,5.375,90.75,1,20.0,p03,15.799999237060549,15.799999237060549,1,41,birth,0.2,1.0,0.4399999999999999,LOW,90.0,0.8108108108108109,0.8143917464303022,4.5641891891891895,6.1858108108108105,89.9356082535697,91.5643917464303,LOW
2019-01-11 18:00:00,33.9375,73.25,2,40.0,"p03,p04",18.950000762939453,24.100000381469727,2,42,birth,0.4,0.7863070820199181,0.5158921246059753,MEDIUM,105.0,0.9459459459459459,1.1401787422182046,32.991554054054056,34.883445945945944,72.10982125778179,74.39017874221821,LOW
2019-01-11 18:00:00,6.125,90.25,1,20.0,c00,11.34999942779541,11.34999942779541,1,43,birth,0.2,1.0,0.4399999999999999,LOW,90.0,0.8108108108108109,0.8154659118046131,5.3141891891891895,6.9358108108108105,89.43453408819539,91.06546591180461,LOW
2019-01-11 21:00:00,33.875,73.75,1,20.0,p04,19.200000762939453,19.200000762939453,1,42,continue,0.2,1.0,0.4399999999999999,LOW,90.0,0.8108108108108109,0.9765797927509946,33.064189189189186,34.685810810810814,72.773420207249,74.726579792751,LOW
2019-01-12 00:00:00,33.833333333333336,74.375,3,60.0,"p01,p03,p04",15.300000190734863,16.299999237060547,3,42,continue,0.6,0.9386503661483372,0.701595109844501,MEDIUM,120.0,1.0810810810810811,1.3014713413141208,32.752252252252255,34.914414414414416,73.07352865868587,75.67647134131413,MEDIUM
2019-01-12 00:00:00,11.125,91.25,1,20.0,p03,11.5,11.5,1,44,birth,0.2,1.0,0.4399999999999999,LOW,90.0,0.8108108108108109,0.8263389029172877,10.31418918918919,11.93581081081081,90.42366109708271,92.07633890291729,LOW
2019-01-12 06:00:00,33.666666666666664,75.16666666666667,3,60.0,"c00,p03,p04",12.890000343322754,15.500000953674316,3,45,birth,0.6,0.8316128850723883,0.6694838655217165,MEDIUM,120.0,1.0810810810810811,1.2989441869790714,32.585585585585584,34.747747747747745,73.8677224796876,76.46561085364574,MEDIUM
2019-01-12 06:00:00,31.875,75.875,1,20.0,c00,11.440000534057615,11.440000534057615,1,46,birth,0.2,1.0,0.4399999999999999,LOW,90.0,0.8108108108108109,0.954791248125678,31.06418918918919,32.685810810810814,74.92020875187433,76.82979124812567,LOW
2019-01-12 12:00:00,32.1875,77.125,2,40.0,"c00,p03",14.134999752044678,15.0,2,47,birth,0.4,0.9423333206474238,0.5626999961942272,MEDIUM,105.0,0.9459459459459459,1.117730636342655,31.241554054054053,33.133445945945944,76.00726936365734,78.24273063634266,LOW
2019-01-12 12:00:00,33.0625,75.25,2,40.0,"c00,p03",12.364999294281006,13.529998779296877,2,48,birth,0.4,0.9138950846992244,0.5541685254097672,MEDIUM,105.0,0.9459459459459459,1.1287114665248577,32.116554054054056,34.008445945945944,74.12128853347514,76.37871146652486,LOW
2019-01-12 15:00:00,31.25,77.75,1,20.0,p01,13.059999465942385,13.059999465942385,1,47,continue,0.2,1.0,0.4399999999999999,LOW,90.0,0.8108108108108109,0.9484144958387097,30.43918918918919,32.060810810810814,76.8015855041613,78.6984144958387,LOW
2019-01-12 18:00:00,33.53125,74.71875,4,80.0,"c00,p01,p02,p03",16.137499570846558,20.849998474121094,4,49,birth,0.8,0.7739808622478066,0.7921942586743419,MEDIUM,135.0,1.2162162162162162,1.4590194254033657,32.31503378378378,34.74746621621622,73.25973057459663,76.17776942540337,MEDIUM
2019-01-12 18:00:00,31.25,78.45833333333333,3,60.0,"c00,p01,p03",14.286666870117188,16.0,3,47,continue,0.6,0.8929166860750314,0.6878750058225094,MEDIUM,120.0,1.0810810810810811,1.2645526611182796,30.16891891891892,32.33108108108108,77.19378067221506,79.7228859944516,MEDIUM
2019-01-13 00:00:00,32.6875,76.125,2,40.0,"c00,p01",19.020000457763672,19.540000915527344,2,50,birth,0.4,0.9733879013926576,0.5720163704177972,MEDIUM,105.0,0.9459459459459459,1.123946974817711,31.741554054054053,33.633445945945944,75.00105302518229,77.24894697481771,LOW
2019-01-13 00:00:00,8.125,95.125,1,20.0,p01,16.399999618530273,16.399999618530273,1,51,birth,0.2,1.0,0.4399999999999999,LOW,90.0,0.8108108108108109,0.8190321873422299,7.3141891891891895,8.93581081081081,94.30596781265777,95.94403218734223,LOW
2019-01-13 12:00:00,13.5,99.0,1,20.0,p01,15.100000381469728,15.100000381469728,1,52,birth,0.2,1.0,0.4399999999999999,LOW,90.0,0.8108108108108109,0.8338501570258448,12.68918918918919,14.31081081081081,98.16614984297415,99.83385015702585,LOW
2019-01-13 12:00:00,6.75,85.5,1,20.0,p03,11.30000114440918,11.30000114440918,1,53,birth,0.2,1.0,0.4399999999999999,LOW,90.0,0.8108108108108109,0.8164702092109771,5.9391891891891895,7.5608108108108105,84.68352979078902,86.31647020921098,LOW
2019-01-13 18:00:00,5.25,66.25,1,20.0,p02,19.400001525878903,19.400001525878903,1,54,birth,0.2,1.0,0.4399999999999999,LOW,90.0,0.8108108108108109,0.8142265501593626,4.4391891891891895,6.0608108108108105,65.43577344984064,67.06422655015936,LOW
2019-01-13 18:00:00,6.25,83.625,1,20.0,p03,10.81999969482422,10.81999969482422,1,55,birth,0.2,1.0,0.4399999999999999,LOW,90.0,0.8108108108108109,0.8156588109088379,5.4391891891891895,7.0608108108108105,82.80934118909116,84.44065881090884,LOW
2019-01-14 00:00:00,5.375,67.75,1,20.0,p02,15.300000190734863,15.300000190734863,1,56,birth,0.2,1.0,0.4399999999999999,LOW,90.0,0.8108108108108109,0.8143917464303022,4.5641891891891895,6.1858108108108105,66.9356082535697,68.5643917464303,LOW
2019-01-14 00:00:00,6.375,83.125,1,20.0,p03,13.600000381469728,13.600000381469728,1,57,birth,0.2,1.0,0.4399999999999999,LOW,90.0,0.8108108108108109,0.815855685397989,5.5641891891891895,7.1858108108108105,82.30914431460201,83.94085568539799,LOW
2019-01-14 00:00:00,8.625,83.75,1,20.0,p03,11.300000190734863,11.300000190734863,1,58,birth,0.2,1.0,0.4399999999999999,LOW,90.0,0.8108108108108109,0.8200851207825334,7.8141891891891895,9.43581081081081,82.92991487921746,84.57008512078254,LOW
2019-01-14 06:00:00,7.5,82.625,2,40.0,"p02,p03",17.264999389648438,19.89999961853028,2,60,birth,0.4,0.8675879323125141,0.5402763796937542,MEDIUM,105.0,0.9459459459459459,0.9541084762244688,6.554054054054054,8.445945945945946,81.67089152377554,83.57910847622446,LOW
2019-01-14 06:00:00,5.25,66.875,1,20.0,p02,59.52000045776367,59.52000045776367,1,59,birth,0.2,1.0,0.4399999999999999,LOW,190.0,1.7117117117117118,1.7189227170030987,3.538288288288288,6.961711711711712,65.1560772829969,68.5939227170031,MEDIUM
2019-01-14 06:00:00,6.75,89.125,1,20.0,p01,13.68000030517578,13.68000030517578,1,61,birth,0.2,1.0,0.4399999999999999,LOW,90.0,0.8108108108108109,0.8164702092109771,5.9391891891891895,7.5608108108108105,88.30852979078902,89.94147020921098,LOW
2019-01-14 12:00:00,6.25,88.75,1,20.0,p01,28.700000762939453,28.700000762939453,1,62,birth,0.2,1.0,0.4399999999999999,LOW,140.0,1.2612612612612613,1.2688025947470811,4.988738738738739,7.511261261261261,87.48119740525291,90.01880259474709,MEDIUM
2019-01-14 18:00:00,6.8125,89.125,2,40.0,"p01,p04",13.65000057220459,15.90000057220459,2,63,birth,0.4,0.8584905800302993,0.5375471740090898,MEDIUM,105.0,0.9459459459459459,0.952672142096711,5.866554054054054,7.758445945945946,88.17232785790328,90.07767214209672,LOW
2019-01-14 18:00:00,7.875,86.125,1,20.0,p04,11.299999237060549,11.299999237060549,1,64,birth,0.2,1.0,0.4399999999999999,LOW,90.0,0.8108108108108109,0.818530089420827,7.0641891891891895,8.68581081081081,85.30646991057917,86.94353008942083,LOW
2019-01-15 00:00:00,9.25,85.375,1,20.0,c00,19.40999984741211,19.40999984741211,1,65,birth,0.2,1.0,0.4399999999999999,LOW,90.0,0.8108108108108109,0.8214932073524819,8.43918918918919,10.06081081081081,84.55350679264753,86.19649320735247,LOW
2019-01-15 00:00:00,6.625,88.0,1,20.0,p04,12.90000057220459,12.90000057220459,1,66,birth,0.2,1.0,0.4399999999999999,LOW,90.0,0.8108108108108109,0.8162613796464026,5.8141891891891895,7.4358108108108105,87.1837386203536,88.8162613796464,LOW
2019-01-15 00:00:00,6.125,90.25,1,20.0,p04,12.59999942779541,12.59999942779541,1,67,birth,0.2,1.0,0.4399999999999999,LOW,90.0,0.8108108108108109,0.8154659118046131,5.3141891891891895,6.9358108108108105,89.43453408819539,91.06546591180461,LOW
2019-01-15 00:00:00,7.375,88.875,1,20.0,p04,12.499999046325684,12.499999046325684,1,68,birth,0.2,1.0,0.4399999999999999,LOW,90.0,0.8108108108108109,0.8175743865121672,6.5641891891891895,8.18581081081081,88.05742561348784,89.69257438651216,LOW
2019-01-15 06:00:00,5.375,89.8125,2,40.0,"p01,p04",22.799999237060547,33.599998474121094,2,69,birth,0.4,0.6785714462472308,0.4835714338741692,LOW,155.0,1.3963963963963963,1.4025635632966316,3.9786036036036037,6.771396396396396,88.40993643670336,91.21506356329664,MEDIUM
2019-01-15 06:00:00,6.5,82.875,1,20.0,p04,15.59999942779541,15.59999942779541,1,70,birth,0.2,1.0,0.4399999999999999,LOW,90.0,0.8108108108108109,0.8160565400261637,5.6891891891891895,7.3108108108108105,82.05894345997383,83.69105654002617,LOW
2019-01-15 06:00:00,5.625,85.5,1,20.0,p04,12.200000762939451,12.200000762939451,1,71,birth,0.2,1.0,0.4399999999999999,LOW,90.0,0.8108108108108109,0.8147339776024146,4.8141891891891895,6.4358108108108105,84.68526602239758,86.31473397760242,LOW
2019-01-15 12:00:00,5.5,90.25,1,20.0,p04,14.760000228881836,14.760000228881836,1,72,birth,0.2,1.0,0.4399999999999999,LOW,90.0,0.8108108108108109,0.8145608875549686,4.6891891891891895,6.3108108108108105,89.43543911244502,91.06456088755498,LOW
2019-01-15 12:00:00,7.25,84.125,1,20.0,p04,13.75,13.75,1,73,birth,0.2,1.0,0.4399999999999999,LOW,90.0,0.8108108108108109,0.817345529447806,6.4391891891891895,8.06081081081081,83.3076544705522,84.9423455294478,LOW
2019-01-15 18:00:00,5.625,90.125,1,20.0,p04,26.270000457763672,26.270000457763672,1,74,birth,0.2,1.0,0.4399999999999999,LOW,140.0,1.2612612612612613,1.2673639651593116,4.363738738738739,6.886261261261261,88.8576360348407,91.3923639651593,MEDIUM
2019-01-16 00:00:00,5.25,77.625,1,20.0,c00,16.220001220703125,16.220001220703125,1,75,birth,0.2,1.0,0.4399999999999999,LOW,90.0,0.8108108108108109,0.8142265501593626,4.4391891891891895,6.0608108108108105,76.81077344984064,78.43922655015936,LOW
2019-01-16 00:00:00,8.875,82.625,1,20.0,p04,10.5,10.5,1,76,birth,0.2,1.0,0.4399999999999999,LOW,90.0,0.8108108108108109,0.8206360591447159,8.06418918918919,9.68581081081081,81.80436394085528,83.44563605914472,LOW
2019-01-16 06:00:00,5.125,77.25,1,20.0,p02,14.90000057220459,14.90000057220459,1,77,birth,0.2,1.0,0.4399999999999999,LOW,90.0,0.8108108108108109,0.8140652947699529,4.3141891891891895,5.9358108108108105,76.43593470523005,78.06406529476995,LOW
2019-01-16 06:00:00,32.5,67.25,1,20.0,p04,12.799999237060549,12.799999237060549,1,78,birth,0.2,1.0,0.4399999999999999,LOW,90.0,0.8108108108108109,0.9613694979195897,31.68918918918919,33.310810810810814,66.28863050208041,68.21136949791959,LOW
2019-01-16 12:00:00,6.4375,80.4375,2,40.0,"c00,p04",14.225000381469728,15.510000228881836,2,79,birth,0.4,0.9171502420632144,0.5551450726189643,MEDIUM,105.0,0.9459459459459459,0.9519482173759899,5.491554054054054,7.383445945945946,79.48555178262401,81.38944821737599,LOW
2019-01-16 12:00:00,10.875,85.5,1,20.0,p04,14.920001029968262,14.920001029968262,1,80,birth,0.2,1.0,0.4399999999999999,LOW,90.0,0.8108108108108109,0.8256383444289113,10.06418918918919,11.68581081081081,84.67436165557109,86.32563834442891,LOW
2019-01-16 12:00:00,10.125,83.625,1,20.0,p04,14.389999389648438,14.389999389648438,1,81,birth,0.2,1.0,0.4399999999999999,LOW,90.0,0.8108108108108109,0.8236376760778085,9.31418918918919,10.93581081081081,82.80136232392219,84.44863767607781,LOW
2019-01-16 18:00:00,5.625,78.375,1,20.0,p04,15.18000030517578,15.18000030517578,1,82,birth,0.2,1.0,0.4399999999999999,LOW,90.0,0.8108108108108109,0.8147339776024146,4.8141891891891895,6.4358108108108105,77.56026602239758,79.18973397760242,LOW
2019-01-16 21:00:00,30.625,66.875,1,20.0,p04,12.5,12.5,1,83,birth,0.2,1.0,0.4399999999999999,LOW,90.0,0.8108108108108109,0.9422337276962962,29.81418918918919,31.43581081081081,65.93276627230371,67.81723372769629,LOW
2019-01-17 00:00:00,5.1875,87.375,2,40.0,"p01,p04",13.600000381469728,15.40000057220459,2,88,birth,0.4,0.883116882664241,0.5449350647992723,MEDIUM,105.0,0.9459459459459459,0.949836335115444,4.241554054054054,6.133445945945946,86.42516366488455,88.32483633511545,LOW
2019-01-17 00:00:00,31.125,67.25,1,20.0,p04,16.780000686645508,16.780000686645508,1,83,continue,0.2,1.0,0.4399999999999999,LOW,90.0,0.8108108108108109,0.947162835435557,30.31418918918919,31.93581081081081,66.30283716456444,68.19716283543556,LOW
2019-01-17 00:00:00,9.25,99.875,1,20.0,p01,13.09999942779541,13.09999942779541,1,84,birth,0.2,1.0,0.4399999999999999,LOW,90.0,0.8108108108108109,0.8214932073524819,8.43918918918919,10.06081081081081,99.05350679264753,100.69649320735247,LOW
2019-01-17 00:00:00,5.125,83.625,1,20.0,p04,14.40999984741211,14.40999984741211,1,85,birth,0.2,1.0,0.4399999999999999,LOW,90.0,0.8108108108108109,0.8140652947699529,4.3141891891891895,5.9358108108108105,82.81093470523005,84.43906529476995,LOW
2019-01-17 00:00:00,9.0,89.0,1,20.0,c00,14.679999351501465,14.679999351501465,1,86,birth,0.2,1.0,0.4399999999999999,LOW,90.0,0.8108108108108109,0.8209176695578402,8.18918918918919,9.81081081081081,88.17908233044216,89.82091766955784,LOW
2019-01-17 00:00:00,32.625,66.75,1,20.0,p04,12.070000648498535,12.070000648498535,1,87,birth,0.2,1.0,0.4399999999999999,LOW,90.0,0.8108108108108109,0.9627098310884773,31.81418918918919,33.435810810810814,65.78729016891153,67.71270983108847,LOW
2019-01-17 00:00:00,5.5,78.125,1,20.0,p04,14.950000762939451,14.950000762939451,1,89,birth,0.2,1.0,0.4399999999999999,LOW,90.0,0.8108108108108109,0.8145608875549686,4.6891891891891895,6.3108108108108105,77.31043911244502,78.93956088755498,LOW
2019-01-17 00:00:00,6.25,98.75,1,20.0,p01,10.700000762939451,10.700000762939451,1,90,birth,0.2,1.0,0.4399999999999999,LOW,90.0,0.8108108108108109,0.8156588109088379,5.4391891891891895,7.0608108108108105,97.93434118909116,99.56565881090884,LOW
