member,track_id,start_time,end_time,duration_steps,peak_mm_3h,duration_hours
c00,1,2019-01-07 09:00:00,2019-01-07 12:00:00,2,31.189998626708984,3
c00,2,2019-01-07 12:00:00,2019-01-08 00:00:00,5,35.599998474121094,12
c00,3,2019-01-07 12:00:00,2019-01-07 12:00:00,1,11.369998931884766,0
c00,4,2019-01-07 18:00:00,2019-01-07 21:00:00,2,36.69999694824219,3
c00,5,2019-01-07 18:00:00,2019-01-08 00:00:00,3,51.80000305175781,6
c00,6,2019-01-08 00:00:00,2019-01-08 00:00:00,1,14.499999046325684,0
c00,7,2019-01-08 00:00:00,2019-01-08 00:00:00,1,11.399999618530273,0
c00,8,2019-01-08 00:00:00,2019-01-08 00:00:00,1,14.90000057220459,0
c00,9,2019-01-08 06:00:00,2019-01-08 09:00:00,2,37.30000305175781,3
c00,10,2019-01-08 06:00:00,2019-01-08 06:00:00,1,18.770002365112305,0
c00,11,2019-01-08 09:00:00,2019-01-08 12:00:00,2,28.34000015258789,3
c00,12,2019-01-08 18:00:00,2019-01-08 18:00:00,1,12.59999942779541,0
c00,13,2019-01-10 06:00:00,2019-01-10 06:00:00,1,14.699999809265137,0
c00,14,2019-01-10 18:00:00,2019-01-10 18:00:00,1,12.700000762939453,0
c00,15,2019-01-11 06:00:00,2019-01-11 06:00:00,1,15.020000457763672,0
c00,16,2019-01-11 18:00:00,2019-01-11 18:00:00,1,11.34999942779541,0
c00,17,2019-01-12 06:00:00,2019-01-12 06:00:00,1,11.760000228881836,0
c00,18,2019-01-12 06:00:00,2019-01-12 06:00:00,1,11.440000534057617,0
c00,19,2019-01-12 12:00:00,2019-01-12 12:00:00,1,13.529998779296875,0
c00,20,2019-01-12 12:00:00,2019-01-12 12:00:00,1,13.269999504089355,0
c00,21,2019-01-12 18:00:00,2019-01-12 18:00:00,1,15.399999618530273,0
c00,22,2019-01-12 18:00:00,2019-01-12 18:00:00,1,16.0,0
c00,23,2019-01-13 00:00:00,2019-01-13 00:00:00,1,19.540000915527344,0
c00,24,2019-01-15 00:00:00,2019-01-15 00:00:00,1,19.40999984741211,0
c00,25,2019-01-16 00:00:00,2019-01-16 00:00:00,1,16.220001220703125,0
c00,26,2019-01-16 12:00:00,2019-01-16 12:00:00,1,12.940000534057617,0
c00,27,2019-01-17 00:00:00,2019-01-17 00:00:00,1,14.679999351501465,0
p01,1,2019-01-07 09:00:00,2019-01-07 12:00:00,2,83.0,3
p01,2,2019-01-07 09:00:00,2019-01-07 21:00:00,5,36.5,12
p01,3,2019-01-07 18:00:00,2019-01-08 00:00:00,3,49.67000198364258,6
p01,4,2019-01-07 18:00:00,2019-01-07 21:00:00,2,52.5,3
p01,5,2019-01-08 00:00:00,2019-01-08 00:00:00,1,14.999999046325684,0
p01,6,2019-01-08 06:00:00,2019-01-08 12:00:00,3,51.099998474121094,6
p01,7,2019-01-08 12:00:00,2019-01-08 12:00:00,1,15.000001907348633,0
p01,8,2019-01-08 12:00:00,2019-01-08 12:00:00,1,12.19999885559082,0
p01,9,2019-01-08 18:00:00,2019-01-08 18:00:00,1,13.800000190734863,0
p01,10,2019-01-09 00:00:00,2019-01-09 00:00:00,1,36.769996643066406,0
p01,11,2019-01-09 06:00:00,2019-01-09 06:00:00,1,25.499998092651367,0
p01,12,2019-01-09 15:00:00,2019-01-09 18:00:00,2,16.740001678466797,3
p01,13,2019-01-09 18:00:00,2019-01-09 18:00:00,1,13.25999927520752,0
p01,14,2019-01-10 00:00:00,2019-01-10 00:00:00,1,47.20000076293945,0
p01,15,2019-01-10 00:00:00,2019-01-10 00:00:00,1,14.0,0
p01,16,2019-01-10 18:00:00,2019-01-10 18:00:00,1,13.300000190734863,0
p01,17,2019-01-12 00:00:00,2019-01-12 00:00:00,1,13.90000057220459,0
p01,18,2019-01-12 15:00:00,2019-01-12 18:00:00,2,13.059999465942383,3
p01,19,2019-01-12 18:00:00,2019-01-12 18:00:00,1,20.849998474121094,0
p01,20,2019-01-13 00:00:00,2019-01-13 00:00:00,1,18.5,0
p01,21,2019-01-13 00:00:00,2019-01-13 00:00:00,1,16.399999618530273,0
p01,22,2019-01-13 12:00:00,2019-01-13 12:00:00,1,15.100000381469727,0
p01,23,2019-01-14 06:00:00,2019-01-14 06:00:00,1,13.680000305175781,0
p01,24,2019-01-14 12:00:00,2019-01-14 12:00:00,1,28.700000762939453,0
p01,25,2019-01-14 18:00:00,2019-01-14 18:00:00,1,15.90000057220459,0
p01,26,2019-01-15 06:00:00,2019-01-15 06:00:00,1,33.599998474121094,0
p01,27,2019-01-17 00:00:00,2019-01-17 00:00:00,1,13.09999942779541,0
p01,28,2019-01-17 00:00:00,2019-01-17 00:00:00,1,10.700000762939453,0
p01,29,2019-01-17 00:00:00,2019-01-17 00:00:00,1,11.800000190734863,0
p02,1,2019-01-07 15:00:00,2019-01-08 00:00:00,4,37.48999786376953,9
p02,2,2019-01-07 18:00:00,2019-01-07 18:00:00,1,11.020000457763672,0
p02,3,2019-01-07 18:00:00,2019-01-07 18:00:00,1,11.899999618530273,0
p02,4,2019-01-07 21:00:00,2019-01-08 00:00:00,2,16.799999237060547,3
p02,5,2019-01-08 00:00:00,2019-01-08 00:00:00,1,27.299999237060547,0
p02,6,2019-01-08 00:00:00,2019-01-08 00:00:00,1,19.299999237060547,0
p02,7,2019-01-08 00:00:00,2019-01-08 00:00:00,1,16.0,0
p02,8,2019-01-08 00:00:00,2019-01-08 00:00:00,1,13.299999237060547,0
p02,9,2019-01-08 00:00:00,2019-01-08 00:00:00,1,13.59999942779541,0
p02,10,2019-01-08 06:00:00,2019-01-08 12:00:00,3,21.079998016357422,6
p02,11,2019-01-08 06:00:00,2019-01-08 06:00:00,1,26.239999771118164,0
p02,12,2019-01-08 09:00:00,2019-01-08 12:00:00,2,13.559999465942383,3
p02,13,2019-01-08 12:00:00,2019-01-08 12:00:00,1,25.200000762939453,0
p02,14,2019-01-08 12:00:00,2019-01-08 12:00:00,1,16.490001678466797,0
p02,15,2019-01-08 18:00:00,2019-01-08 18:00:00,1,19.75,0
p02,16,2019-01-11 00:00:00,2019-01-11 00:00:00,1,14.399999618530273,0
p02,17,2019-01-11 06:00:00,2019-01-11 06:00:00,1,15.0600004196167,0
p02,18,2019-01-11 12:00:00,2019-01-11 12:00:00,1,21.299999237060547,0
p02,19,2019-01-12 18:00:00,2019-01-12 18:00:00,1,14.50999927520752,0
p02,20,2019-01-13 18:00:00,2019-01-13 18:00:00,1,19.400001525878906,0
p02,21,2019-01-14 00:00:00,2019-01-14 00:00:00,1,15.300000190734863,0
p02,22,2019-01-14 06:00:00,2019-01-14 06:00:00,1,14.629999160766602,0
p02,23,2019-01-14 06:00:00,2019-01-14 06:00:00,1,59.52000045776367,0
p02,24,2019-01-16 06:00:00,2019-01-16 06:00:00,1,14.90000057220459,0
p03,1,2019-01-07 09:00:00,2019-01-07 15:00:00,3,52.310001373291016,6
p03,2,2019-01-07 15:00:00,2019-01-08 00:00:00,4,76.8800048828125,9
p03,3,2019-01-07 15:00:00,2019-01-07 15:00:00,1,26.770000457763672,0
p03,4,2019-01-07 21:00:00,2019-01-07 21:00:00,1,23.779998779296875,0
p03,5,2019-01-08 00:00:00,2019-01-08 00:00:00,1,16.59000015258789,0
p03,6,2019-01-08 00:00:00,2019-01-08 00:00:00,1,12.370000839233398,0
p03,7,2019-01-08 00:00:00,2019-01-08 00:00:00,1,10.820000648498535,0
p03,8,2019-01-08 00:00:00,2019-01-08 00:00:00,1,10.829999923706055,0
p03,9,2019-01-08 00:00:00,2019-01-08 06:00:00,3,27.92999839782715,6
p03,10,2019-01-08 06:00:00,2019-01-08 06:00:00,1,12.300000190734863,0
p03,11,2019-01-08 06:00:00,2019-01-08 12:00:00,3,53.29999542236328,6
p03,12,2019-01-08 06:00:00,2019-01-08 06:00:00,1,13.700000762939453,0
p03,13,2019-01-08 06:00:00,2019-01-08 06:00:00,1,17.80000114440918,0
p03,14,2019-01-08 12:00:00,2019-01-08 12:00:00,1,31.5,0
p03,15,2019-01-08 12:00:00,2019-01-08 12:00:00,1,11.5,0
p03,16,2019-01-08 12:00:00,2019-01-08 12:00:00,1,11.5,0
p03,17,2019-01-08 18:00:00,2019-01-08 18:00:00,1,22.489999771118164,0
p03,18,2019-01-09 00:00:00,2019-01-09 00:00:00,1,13.870000839233398,0
p03,19,2019-01-09 18:00:00,2019-01-09 18:00:00,1,20.420001983642578,0
p03,20,2019-01-10 12:00:00,2019-01-10 12:00:00,1,10.969999313354492,0
p03,21,2019-01-10 15:00:00,2019-01-10 18:00:00,2,16.099998474121094,3
p03,22,2019-01-10 18:00:00,2019-01-10 18:00:00,1,13.90000057220459,0
p03,23,2019-01-11 00:00:00,2019-01-11 00:00:00,1,12.0,0
p03,24,2019-01-11 00:00:00,2019-01-11 00:00:00,1,14.399999618530273,0
p03,25,2019-01-11 00:00:00,2019-01-11 00:00:00,1,15.5,0
p03,26,2019-01-11 06:00:00,2019-01-11 06:00:00,1,15.299999237060547,0
p03,27,2019-01-11 06:00:00,2019-01-11 06:00:00,1,13.90000057220459,0
p03,28,2019-01-11 12:00:00,2019-01-11 12:00:00,1,15.799999237060547,0
p03,29,2019-01-11 18:00:00,2019-01-11 18:00:00,1,13.80000114440918,0
p03,30,2019-01-12 00:00:00,2019-01-12 00:00:00,1,16.299999237060547,0
p03,31,2019-01-12 00:00:00,2019-01-12 00:00:00,1,11.5,0
p03,32,2019-01-12 06:00:00,2019-01-12 06:00:00,1,15.500000953674316,0
p03,33,2019-01-12 12:00:00,2019-01-12 12:00:00,1,11.199999809265137,0
p03,34,2019-01-12 12:00:00,2019-01-12 12:00:00,1,15.0,0
p03,35,2019-01-12 18:00:00,2019-01-12 18:00:00,1,13.790000915527344,0
p03,36,2019-01-12 18:00:00,2019-01-12 18:00:00,1,14.210000038146973,0
p03,37,2019-01-13 12:00:00,2019-01-13 12:00:00,1,11.30000114440918,0
p03,38,2019-01-13 18:00:00,2019-01-13 18:00:00,1,10.819999694824219,0
p03,39,2019-01-14 00:00:00,2019-01-14 00:00:00,1,11.300000190734863,0
p03,40,2019-01-14 00:00:00,2019-01-14 00:00:00,1,13.600000381469727,0
p03,41,2019-01-14 06:00:00,2019-01-14 06:00:00,1,19.899999618530273,0
p04,1,2019-01-07 09:00:00,2019-01-08 00:00:00,6,46.87000274658203,15
p04,2,2019-01-07 12:00:00,2019-01-07 12:00:00,1,11.899999618530273,0
p04,3,2019-01-07 18:00:00,2019-01-07 18:00:00,1,13.4399995803833,0
p04,4,2019-01-07 21:00:00,2019-01-08 00:00:00,2,26.80000114440918,3
p04,5,2019-01-08 00:00:00,2019-01-08 12:00:00,5,49.60000228881836,12
p04,6,2019-01-08 00:00:00,2019-01-08 00:00:00,1,11.399999618530273,0
p04,7,2019-01-08 00:00:00,2019-01-08 00:00:00,1,17.899999618530273,0
p04,8,2019-01-08 06:00:00,2019-01-08 06:00:00,1,16.770002365112305,0
p04,9,2019-01-08 06:00:00,2019-01-08 06:00:00,1,10.930000305175781,0
p04,10,2019-01-08 18:00:00,2019-01-08 18:00:00,1,14.09000015258789,0
p04,11,2019-01-10 18:00:00,2019-01-10 18:00:00,1,12.480000495910645,0
p04,12,2019-01-11 00:00:00,2019-01-11 00:00:00,1,11.600000381469727,0
p04,13,2019-01-11 18:00:00,2019-01-12 00:00:00,3,24.100000381469727,6
p04,14,2019-01-12 06:00:00,2019-01-12 06:00:00,1,11.40999984741211,0
p04,15,2019-01-14 18:00:00,2019-01-14 18:00:00,1,11.299999237060547,0
p04,16,2019-01-14 18:00:00,2019-01-14 18:00:00,1,11.40000057220459,0
p04,17,2019-01-15 00:00:00,2019-01-15 00:00:00,1,12.499999046325684,0
p04,18,2019-01-15 00:00:00,2019-01-15 00:00:00,1,12.90000057220459,0
p04,19,2019-01-15 00:00:00,2019-01-15 00:00:00,1,12.59999942779541,0
p04,20,2019-01-15 06:00:00,2019-01-15 06:00:00,1,15.59999942779541,0
p04,21,2019-01-15 06:00:00,2019-01-15 06:00:00,1,12.200000762939453,0
p04,22,2019-01-15 06:00:00,2019-01-15 06:00:00,1,12.0,0
p04,23,2019-01-15 12:00:00,2019-01-15 12:00:00,1,13.75,0
p04,24,2019-01-15 12:00:00,2019-01-15 12:00:00,1,14.760000228881836,0
p04,25,2019-01-15 18:00:00,2019-01-15 18:00:00,1,26.270000457763672,0
p04,26,2019-01-16 00:00:00,2019-01-16 00:00:00,1,10.5,0
p04,27,2019-01-16 06:00:00,2019-01-16 06:00:00,1,12.799999237060547,0
p04,28,2019-01-16 12:00:00,2019-01-16 12:00:00,1,14.920001029968262,0
p04,29,2019-01-16 12:00:00,2019-01-16 12:00:00,1,14.389999389648438,0
p04,30,2019-01-16 12:00:00,2019-01-16 12:00:00,1,15.510000228881836,0
p04,31,2019-01-16 18:00:00,2019-01-16 18:00:00,1,15.180000305175781,0
p04,32,2019-01-16 21:00:00,2019-01-17 00:00:00,2,16.780000686645508,3
p04,33,2019-01-17 00:00:00,2019-01-17 00:00:00,1,12.070000648498535,0
p04,34,2019-01-17 00:00:00,2019-01-17 00:00:00,1,14.950000762939453,0
p04,35,2019-01-17 00:00:00,2019-01-17 00:00:00,1,14.40999984741211,0
p04,36,2019-01-17 00:00:00,2019-01-17 00:00:00,1,15.40000057220459,0
